video_id,title,channel,custom_category
KlNdhmRaGpc,"CY - ""Hollywood Is Done"" Muhabbeti - Yapay Zekanın Geldiği Noktaya Bakıyoruz.",Efe Aydal,Politics
DYGcN9EqxLQ,"CY - ""Hot to Crazy"" Yoktur, Sathı Crazy Vardır.",Efe Aydal,Politics
4-vZQx1pTxQ,Game Theory: The Console War is OVER,The Game Theorists,Gameplay
FbCWUi6xci0,CY - Gilette'i Batıran Reklamın Perde Arkası,Efe Aydal,Politics
NDjoG4-DTcs,SABAHA KADAR ÖVÜLECEK OYUN: BİR GÜN BOYUNCA GOD OF WAR OYNAMAK!,Enis Kirazoglu,Gameplay
Q3d1HeYVNf0,KONSOL İŞİ BİTTİ!!! Xbox'ın başına oyun oynamayan CEO atandı,Mesut Çevik,Gameplay
9XVXD7Ar8Z4,Why Nobody Wants to Hear You Over Explain,HealthyGamerGG,Personal Development
SoYE4WfwqdM,EPSTEIN BOMBSHELL JUST DROPPED..,Asmongold Clips,Politics
gflZgYV9SXM,1000 ERKEK REKORLU OF FENOMENİNİN HAMİLELİĞİ ÜZERİNE,Yunus Emre Gündüz PODCAST,Personal Development
Ep1XtviVdec,This is the most dystopian thing I've ever seen..,Asmongold Clips,Politics
d7TjYzC86eM,"Erlik, Ramazan Değil Toplum Değişti: Yeni Ümmetçilik ve Varoşlaşan Türkiye | Köylü-Kentli Çatışması",Duayen TV,Politics
2unELGOein8,Why Sharing Your Feelings Can Kill Your Relationship,HealthyGamerGG,Personal Development
7G6UD04WL70,My Iranian viewer sent me this..,Asmongold TV  ,Politics
8yToaviBloo,Everyone is talking about her..,Asmongold Clips,Politics
GBlhpx3OM5Q,Öznefret / ERLİK,ERLİK / ERLİZZY,Politics
cBVH0GiNdzU,The UK finally SNAPPED..,Asmongold TV  ,Politics
DVlPN55awvs,Jahrein Yapay Zeka İle Dolandırılan Adamı İzliyor,Jahistan ,Gameplay
-ZpdAdCgasM,Fantastik Filmlerden Neden Sıkıldık?,Filmograf,Personal Development
jUcIVfnY1kU,CY - Cenk Hoca Linçinin Gerçek Sebebi,Efe Aydal,Politics
2NDpBt-09hs,Epstein Dosyaları'nda Adı Geçen Bilim İnsanları Kim?,Evrim Ağacı,Personal Development
UgzLqW7KrR0,GGOG  Co-Founder Ahmet Eren Oğuz ile #KKHA,Jahrein,Politics
5OLs1GWB4OA,I Built 10 Schools Around The World,MrBeast,Personal Development
BqP9wfMfjNA,CY - Olimpiyatlarda Kondomlar Bitmiş? Millet Olimpiyata Neden Gidiyor?,Efe Aydal,Politics
_lt_bfYaB3k,What the f*ck is happening..,Asmongold Clips,Politics
rL8fiTBZstA,Iran Is About to Break,WarFronts,Politics
aVOV1cqO4xQ,"Derdini anlatmak,onaylanmak ihtiyacı ve arkadaşlık üzerine /ERLİK",ERLİK / ERLİZZY,Personal Development
yAeQRvNAguQ,ATATÜRK DÖNEMİ (1923-1938) | Türk Siyasi Tarihi,KuzgunTV,Politics
QuIuauc7BLw,"Cult Of The CryBullies | Why People Hate ""The Left""",Shoe0nHead,Politics
tcGOilxZ6Vo,BU VİDEOLARI PAYLAŞMAYIN ARTIK :( ÜZÜLÜYORUM.,Neo & Toprak,Personal Development
JnXq6A8_79I,People are freaking out now..,Asmongold Clips,Politics
1vDnL5QWXdA,"Sizden Ricam Var, Siz Karar Verin! #OYUNUMADOKUNMA",Can Sungur ve Yakın Evren,Gameplay
E8wRn6xUks8,ÇİP ÜRETİCİLERİ BU KLOZETİN PEŞİNDE | Japonların gizli teknolojisi #GG,Mesut Çevik,Software Developer
2zUJl3l72eo,Albert Camus Yabancı,Psikolog Tulay Kok,Personal Development
PczMPy0jEOk,Most People Don't Know Why Mark Carney Is Betting On Türkiye,Citizen Analytics,Politics
flfrfmGsLVQ,Assad Loyalists are Planning a Syrian Revolution... It's Not Going Well,WarFronts,Politics
9VKFNRvOQEw,Sosyal medya etkiliyor /ERLİK,ERLİK / ERLİZZY,Personal Development
v8Bhmmo5e2w,OnlyFans TR'de Yasaklanmalı Mı?,Efe Aydal,Politics
nNKx9JOElRc,Kurt Cobain didn't k... (They found proof),Asmongold TV  ,Politics
ogrUhPl6AuQ,I actually can't believe this..,Asmongold Clips,Politics
7hO8vg78GX4,"Erlik, Bakanlardaki Sürpriz Değişim, Meclis Kavgası ve Özgür Özel WhatsApp Yazışmasını Konuştu!",Duayen TV,Politics
rCk5hLKJcz8,Samimi yalnızlık ve Sahte kalabalık /ERLİK,ERLİK / ERLİZZY,Personal Development
zzz58k2vzDQ,CY - 24üncü Dava Kağıdında Suçu Bile Yazmamışlar,Efe Aydal,Politics
6CEi7R5lGno,Why Did Philosophers Hate Women?,Ramboh,Personal Development
g0ATi1wevc8,Solving Steel Wool's UNFIXABLE FNAF Timeline,Narrow Raven,FNAF
xjfMsXmpFuU,İhanet Sürecinde apo'ya Umut Hakkı! | Yayın Kesit,Foşix Erlik,Politics
9kwectXDgSg,"Yapay Zeka Seni İyileştirmiyor, Sadece Uyuşturuyor (terapist olarak kullanmayın şunları nolur)",Baraneemo,Personal Development
s2ubZ8Xqvfs,Maladaptive Daydreaming ile Savaşmayı Neden Bırakmalısın?,Baraneemo,Personal Development
9t5m33ccUYA,The Uncomfortable Truth About Ozempic,Kurzgesagt – In a Nutshell,Personal Development
MuatsDQFLeg,"Nihilizm Bir Felsefe Değil, Bir Zekâ Geriliğidir.",Baraneemo,Personal Development
DabpqTZLQpk,Gamers actually won,Asmongold TV  ,Gameplay
UtGCHuO_eh4,"Erlik, MİRAS DAVASI Videosunu İzliyor & Yorumluyor! | Yayın Kesit",Foşix Erlik,Politics
iBVu-zz9NOQ,Terapi erkekler için neden zor? (ve neden buna rağmen gitmeliler),Baraneemo,Personal Development
VsxHbjeM664,DİJİTAL FEODALİZM: Instagram'da Engellendik | Bahadırhan Dinçaslan Yorumluyor,KuzgunTV,Politics
3nqryeIpDTw,Holy f***ing sh*t..,Asmongold Clips,Politics
Y4lyg8ATtSU,Hangi Yapay Zeka Aracını Kullanalım?,Oğuz Ergin,Software Developer
eWNB3xnz06g,ANONİMLİK BİTTİ: Sosyal Medya Yasağı Yayın Kesit,Tolga Turan Gündem,Software Developer
4YvvqngXTzI,"Sana ""Zekisin"" Diyerek Hayatını Kararttılar (şunu demeyi bırakın artık nolur)",Baraneemo,Personal Development
9FY2DnFbtkw,Hillary Clinton is f*cked..,Asmongold Clips,Politics
MnANeUu-Z0U,NO ONE saw this coming..,Asmongold TV  ,Politics
ahwXCbv7YFE,Film Theory: What is Pixar’s TOTAL Kill Count?,The Film Theorists,Gameplay
ezF31CwFvpc,Your Soulmate Isn’t On Hinge,HealthyGamerGG,Personal Development
6-x4GuEfu60,Bill Gates f*cked up real bad..,Asmongold Clips,Personal Development
MdNlsy-XUIs,Oh.. my.. god...,Asmongold TV  ,Personal Development
1gUufAii08g,KAZIKLI MARİA VE FARAH ZEYNEP YILMAZ GÜNEY HAKKINDA KONUŞUYOR - GÜNDEM - Cavs Karahanlı,Cavs Kesit,Politics
FQSeIZEFi5I,"Kumar, Dünyayı Nasıl Esir Alıyor?",Evrim Ağacı,Personal Development
MHA9kVAtA8c,There has been a situation..,Asmongold TV  ,Politics
m9ipBGp-jA8,Matematiğin Sonu mu? Yapay Zeka Çözülemeyen 4 Problemi Kanıtladı!,Çiçek ile Teknoloji,Software Developer
0nTjdsDYFtI,Türkiye’de: LAİKLİK ve ŞERİAT,Yusuf Kayaalp,Politics
4CF4xNz9I5Q,WHY IS NO ONE TALKING ABOUT THIS..,Asmongold Clips,Politics
0CBow2is5lM,THIS IS F**KING CRAZY..,Asmongold Clips,Personal Development
w18M80wV1vo,Kod Yazmanın Sonu mu? 💻 Anthropic'in Büyük Hamlesi ve Yazılımcıların Geleceği,Çiçek ile Teknoloji,Software Developer
ahpQRNWfYj8,Yapay Zeka Yazılımı Yutuyor. Claude Anayasasındaki Tehlikeler. Makinaya karşı yeni öfke.,Baris & Baris,Software Developer
21WQW8aG2QU,FNAF Is Way More Disturbing Than You Think...,TDreads,FNAF
BaKwgd5SBWg,ARTIK GERÇEKTEN UTANIYORUM,Beyaz Kurt,Personal Development
-9WT-_W3H24,SON SEÇİM | Bahadırhan Dinçaslan Yorumluyor,KuzgunTV,Politics
G15lUvY7gYI,"This is so stupid, it demands my full attention..",Asmongold TV  ,Politics
jRpBjPct2mo,Çatır Çutur SİLKİLMESİ Gereken insanlar,Neo & Toprak,Personal Development
IW-ZMHzbDlE,Nükleer Gerilim Geri Mi Dönüyor ?,Ayhan Tarakcı,Politics
AAbV9UVhKvo,Epstein files names are coming out..,Asmongold Clips,Politics
gIMBXT7-UBA,NO ONE SAW THIS COMING..,Asmongold Clips,Politics
HGLnmN2_0jU,Day game  nasıl yapılır ? Kadınlarla tanışalım :),Aydın Psikoloji,Personal Development
GwAxznc3aWw,SİNİRDEN KAFAYI YEDİM LAN,Beyaz Kurt,Personal Development
24Vn8O-lNlo,Z KUŞAĞI TERİMLERİ | Bahadırhan Dinçaslan Tahmin Ediyor,KuzgunTV,Personal Development
adaxzFz1_dE,CY - Her Olayı Epstein'e Bağlayanlar,Efe Aydal,Politics
Jki-qvZHeFY,Karma is a b*tch..,Asmongold Clips,Politics
kjnq0vMaBEo,"CAVS, JAHREİN ile DEPREM ZAMANI YAŞANAN SKANDALLARI KONUŞUYOR!",Cavs Kesit,Politics
kcY12by3RQw,MEMLEKETİN ÇİVİSİ | Bahadırhan Dinçaslan Yorumluyor,KuzgunTV,Politics
VclEKpEHmB8,"Jahrein ""Bu Zırlama Neden?""",Jahistan ,Politics
6EMAzyRvpCc,The Epstein files coverup is insane..,Asmongold Clips,Politics
HRJvrmMSGGE,Game Theory: The TRUE Ending of Fallout,The Game Theorists,Gameplay
tl4LIRC_ijk,CY - Duruşundan Taviz Vermeyen Lider Bahçeli,Efe Aydal,Politics
NfqzTB3MsXY,BEN EVLENMEK İSTİYORUM,Elif Demir,Personal Development
Zeqg4oBiaFU,Were We WRONG About Golden Freddy? (kinda),WitheredCircle,FNAF
GfTvfJyTIsE,HOLY SH*T..,Asmongold TV  ,Politics
XEb89CQJPO4,"Why You Should Stop Watching YouTube (Yes, Even This Video)",HealthyGamerGG,Personal Development
OZutloHjTM4,Jahrein CHP'nin Sunduğu Yasa Önergesi Hakkında Konuşuyor,Jahistan ,Politics
cSgSNBlLD5Y,Jahrein Pintipanda Ekşisözlük Paylaşımları ve Yalanları Hakkında Konuşuyor,Jahistan ,Politics
tUCNqvrgE_4,JAHREİN YAYINA GELDİ - Chp'den SKANDAL KANUN TEKLİFİ - Fonlanan sayfalar,Cavs Kesit,Politics
Er4rtCNdo3U,They are finally roaching out..,Asmongold Clips,Politics
A9xDNipXoes,WHAT THE ACTUAL F*CK..,Asmongold TV  ,Politics
7JVNfUnvF_c,People have found Epstein's code word..,Asmongold Clips,Politics
OxlIdHAVPxY,Değişen Normlara Rağmen Erkeklik Neden Hâlâ Aynı Yükü Taşıyor?,Dr. Gülcan Özer | İnsan Halleri,Personal Development
Uir2LTJO7s4,BU YÜZÜ SAKIN UNUTMA! #deprem,Beyaz Kurt,Personal Development
9WEQts7b8Pw,"Ages 1 - 100 Race For $250,000!",MrBeast,Gameplay
ntP9VyTCiQ8,Someone is getting fired..,Asmongold Clips,Politics
BAjWmwWADsk,Are they finally admitting it??,TheBackgroundNPC 🧙‍♂️,Politics
qq5HNSz5Smc,ATATÜRK ve İSLAM,Yusuf Kayaalp,Politics
RhcGUx3raoc,People found this video..,Asmongold TV  ,Politics
H4b6pttvol8,Epsteinci olmakla suçlandım.,Evrim Ağacı,Politics
AtXkhzrtvfE,Cemre Demirel psikologlara sallıyor,Cemre in the house,Personal Development
AwXRh8YsPmc,People have found Epstein accounts..,Asmongold Clips,Politics
JtCLfaNO_7M,OYUNA SÜRÜKLENEN ÇOCUKLAR VE YASAKLAR!!! #GG Teknoloji ve Oyun,Mesut Çevik,Gameplay
brfaQolOfzY,He went to Epstein's Island.. (People found this video),Asmongold TV  ,Politics
bUDaNUpW5n8,Why a Two-Tier EU Looks Increasingly Inevitable,TLDR News EU,Politics
2MK2Lek3PBU,They're Trying So Hard to Bury the Epstein Files,penguinz0,Politics
m4es24IhR2w,"Erlik, Epstein Dosyalarındaki Maillere ve Videolara Bakıyor! (SANSÜRSÜZ - HASSAS) | Yayın Kesit",Foşix Erlik,Politics
KaxSk0k_vpc,Oh.. my.. god...,Asmongold TV  ,Personal Development
dNd9-sRgoyk,This is a nightmare for the left..,Asmongold Clips,Politics
IcaGbDcSZgo,Ateşi Kullanan İlk İnsan Kimdi?,Evrim Ağacı,Personal Development
hgI-fC01cUs,"Honestly, what the f*ck..",Asmongold TV  ,Personal Development
RahXIlwiqkQ,Epstein Island is truly evil..,Asmongold TV  ,Politics
kqT-4qELq90,Holy f***ing sh*t..,Asmongold Clips,Politics
hwcABRPwnIE,HER SORUYA CEVAP: Foşik Sorular,Tolga Turan,Politics
mAq7EcQiaIw,İNGİLTERE İFŞA OLDU! EPSTEİN YALANLARI!,Targan Han,Politics
l0UcCwvHT2o,This instantly backfired..,Asmongold Clips,Personal Development
mJLd-MooA_0,Episode 87 - Kink of Games,Little Kuriboh,Gameplay
MJvqIU0kkKo,The MBTI Loop: How 16 Personality Types Get Stuck,TYPOLOGIA,Personal Development
w7PhkD0we6A,Why Hasn’t America Attacked Iran…Yet?,WarFronts,Politics
MLcntKP0kFI,"Erlik, Epstein Dosyalarını İnceliyor! (SANSÜRSÜZ - HASSAS) | Yayın Kesit",Foşix Erlik,Politics
QZsCG_n64d0,"Harari: ""Yapay Zeka Atom Bombasından Daha Tehlikeli!""",Çiçek ile Teknoloji,Software Developer
b3YDFl-7gWE,OYUNUMA DOKUNMA! | Bahadırhan Dinçaslan Yorumluyor,KuzgunTV,Politics
23ZJISZy2t4,CY - apo'nun Bahçeli'ye Hediye Ettiği Kilim,Efe Aydal,Politics
_namoNYpBDE,Epstein Dosyası ve Sulandıranlar Üzerine! | Yayın Kesit,Foşix Erlik,Politics
tzueJktgmrE,EPSTEIN VE SUÇU YÖNETMEK | Bahadırhan Dinçaslan Yorumluyor,KuzgunTV,Politics
QVwPJ7eWWus,Epstein'in Son Röportajı! | Yayın Kesit,Foşix Erlik,Politics
0aaWfrZ5tfk,YOUTUBERLARA BÜYÜK OPERASYON,Beyaz Kurt,Politics
bPMzCkCWEPI,"CAVS, JAHREİN LİNCİ ve Teklif edilen fonlar hakkında konuşuyor",Cavs Kesit,Politics
pYPasN_sD2U,CY - Steam'e de Yasak Geliyor...,Efe Aydal,Politics
7Fc7PsvwYrk,Videoyun - Oyun Yasakları Hakkında Aile ve Sosyal Hizmetler Bakanlığı'ndan Açıklama #OYUNUMADOKUNMA,Videoyun Meyhanesi,Politics
PoqYjdRNpRI,Epstein Lağımı Patladı! | Yayın Kesit,Foşix Erlik,Politics
xwhtBscUM9E,KAN DONDURAN OLAY! EPSTEIN DAVASI,Cavs Kesit,Politics
-Ab0p3Zd858,TC Aile Bakanlığı Dikkatine: Bizi Duyun! (oyuncular siz de bakın) #oyunumadokunma #oyuncupostası,Can Sungur ve Yakın Evren,Politics
HokKA1e21F0,I tried Dune Awakening so you won't have to (but you should),zanny,Gameplay
sD9dKeu3X8U,Holy f***ing sh*t..,Asmongold TV  ,Gameplay
AasbAZKqh-w,YUNANİSTAN'DA OKULLARDA TÜRKLER HAKKINDA NELER ÖĞRETİLİYOR? | Yunanistan Ders Kitaplarını İnceledik!,AkademikLink,Politics
miI9USDMewY,Nedir Bu 'Linçlerin' Arka Planı? | Yayın Kesit,Foşix Erlik,Politics
Mtf-WJeItRk,Jahrein Yeni BTK Kanun Taslağı ve Roblox Hakkında Konuşuyor,Jahistan ,Politics
2VLIqP8zzjc,ERLİK KENDİSİNE GELEN I*KÇILIK SUÇLAMASI!!,Mr. Ergenekon,Politics
7niO9MfVj_s,This was hilarious,Asmongold TV  ,Politics
LoGyB1GaAmo,The INTJs SECRET To Building CONFIDENCE Every Single Day,Morale UP,Personal Development
-PbrwL1OnXA,CY - Steven Seagal Kolpa Mı?,Efe Aydal,Politics
70uTOeDpgTo,Is America Ok? | The Hellworld Report Ep. 1,Shoe0nHead,Politics
FfRE9ORmqug,"CHP, YAPAY ZEKA VE ÖRGÜTSÜZ TÜRKLER | Bahadırhan Dinçaslan Yorumluyor",KuzgunTV,Politics
xqZrR4DkSw8,KÖLELİK GELİYOR | Yapay zeka insanları köle yapacak #GG,Mesut Çevik,Politics
aVqNNMs0nvE,Ayna Yaşam: Sonumuz Böyle mi Gelecek?,Evrim Ağacı,Politics
Q9xBUBX26wg,BABY TALK [How to deal with A.W.F.U.L. women],hoe_math (PsychoMath),Personal Development
g95wjjutsTE,Highguard is the worst game ever made,Asmongold TV  ,Gameplay
8SDHulJlrsk,CY - Erlik Tipsiz Çıksa Ne Yaparsınız?,Efe Aydal,Politics
V3qzEoJwT-4,Jahrein İzleyicilerinden Gelen Eleştirileri Dinliyor,Jahistan ,Politics
gVCd7LZxx5M,CY - Asgari Ücretli İşi Beğenmeyen Üni Mezunu Nankör Gençler,Efe Aydal,Politics
d-C_VIRpXP8,THIS IS F**KING CRAZY..,Asmongold Clips,Gameplay
2Nn8RbTzRz4,How To Cure Your Fear Of Women Using Science,Zoomology,Personal Development
-BNyS29G2Yk,CY - Bi Salih Memecan Vardı Ne Oldu?,Efe Aydal,Politics
TzYmOL2tge8,TEMU İŞİ TAMAMEN BİTTİ | Bilgisayarlara el kondu #GG,Mesut Çevik,Politics
p6XTot-DPa0,Jahrein Amerika ve ICE Hakkında Konuşuyor,Jahistan ,Politics
gbPKDZg8cn4,CY - Megafonla Adam Dövme Uzmanı Yılmaz Güney,Efe Aydal,Politics
PKUIw0aL42U,İhanetin Belgesi! | Yayın Kesit,Foşix Erlik,Politics
YflNsN3GOyU,VURSALAR DA GERÇEKLERİ ANLATACAĞIM! NEDEN YALNIZSIN? CEVABI BU VİDEODA! ERKEKLERİN KULLANMA KILAVUZU,İlkay Buharalı,Personal Development
lz8sUiXAnbs,The Subtle Art of Not Giving a F*ck - Summarized by the Author,Mark Manson,Personal Development
M7nFWKZdIY8,"GRÖNLAND KRİZİ, DANİMARKA VE ABD | Toplum Ne Düşünüyor, TV Kanallarında Neler Var? 📊",AkademikLink,Politics
opVXgOST3XY,IT'S ACTUALLY HAPPENING,Asmongold TV  ,Politics
pAnGwRiQ4-4,"$1 vs $1,000,000,000 Futuristic Tech!",MrBeast,Personal Development
KWZOUr39APM,Jahrein Sudan Olayları ve Orkun Işıtmak Hakkında Konuşuyor,Jahistan ,Politics
5FL4kEFkaOM,Cem Yılmaz Neden Bitti?,Filmograf,Personal Development
J4tM6wt7mRA,2. Dünya Savaşı’nda Almanya’nın Türkiye’yi İşgal Planı | Gertrude Operasyonu,Yusuf Kayaalp,Politics
-Zohv8JY7fY,İKİNCİ İHANET SÜRECİ BİTİYOR MU? | Bahadırhan Dinçaslan Yorumluyor,KuzgunTV,Politics
hJEF_fBhIjA,There's been a misunderstanding..,Asmongold Clips,Gameplay
8K4eTsjFyQ8,Türkiye’de okul okumak.,Neo & Toprak,Personal Development
TV_mQ1rMHGo,ABD İRAN'A GİRİYOR! SAVAŞ GEMİLERİ YOLDA!,Targan Han,Politics
xRqSumbh2KE,CY - Kadın Olup da Atatürk'e Düşman Olmayı Anlayamıyorum.,Efe Aydal,Politics
Nxy6SIM11sA,"Life is a Video Game, Here Are the Cheat Codes",Mark Manson,Personal Development
un5B3Np-Zhg,"Yapay Zeka ""Canlı"" Olabilir mi? | İnsanlığın Cevaplayamadığı Tek Soru: Bilinç",BilgisayarKavramlari,Politics
E_7fLmy83jQ,THEY ACTUALLY ARRESTED THEM..,Asmongold Clips,Gameplay
ctHRudNqaZM,Üniversiteyi boşa okumanızdan korkuyorum.,Evrim Ağacı,Personal Development
NaGTZVD9Iow,I'm suing..,Asmongold TV  ,Politics
2_y1kT939CM,Actions finally have consequences..,Asmongold Clips,Gameplay
M26nJ243408,"Holy f*ck, it's happening..",Asmongold TV  ,Politics
rY9I9ecv-FY,THERE IS NO F***ING WAY...,Asmongold Clips,Gameplay
Va6Hpa9CG0k,This is sad,Asmongold TV  ,Gameplay
f77q6FXYFBg,CY - Siz Açılım Konuşurken 1200 Tır Buğdayınızı Çaldılar,Efe Aydal,Politics
yWxJBaviwkc,Oh.. my.. god...,Asmongold Clips,Gameplay
2rnKIeKj1pM,Videoyun - GTA 6'DAN ONAYLANAN SIZINTILAR! Tek Sunucuda Hem Minecraft Hem Hytale Oynamak?,Videoyun Meyhanesi,Gameplay
rHcpY9oqke0,[She only hears] THREE WORDS,hoe_math (PsychoMath),Personal Development
SiFlnf--5EA,Stop Trying To Work Harder,HealthyGamerGG,Personal Development
5m1FcUc_puU,The secret psychic weapon used in Venezuela,Asmongold TV  ,Gameplay
t2Q5_J6nTe0,CY - Defend Rojova Paylaşımları,Efe Aydal,Politics
YndXicDH6u0,Huge youtuber just got caught in 4K..,Asmongold Clips,Politics
Cgxi9wIdoXg,Purplebixi ve Erlik  ile Suriye Gündemi Ve Kürdo Faşizm'e Olan Etkilerini Konuşuyor.,PurpleBixi,Politics
4yW2KLWgbaQ,CY - Çocuklarımızı Bilerek Öldürtüyorlar.,Efe Aydal,Politics
792Tp8xoAQ8,Suriye'de Hakan'ın Fendi Bahçeli'yi Yendi! | Yayın Kesit,Foşix Erlik,Politics
v_rIDNhbOeU,"ŞEBNEM FERAH VS. ÖZLEM TEKİN | Volvox, Sezen Aksu desteği, Ebru Gündeş ihaneti ve tüm iddialar",MEL MAG,Personal Development
5ExJ4pj5qvA,Film Theory: You Cannot Escape Iron Lung...,The Film Theorists,Gameplay
MFNwQFpIwVE,AI Women Situation is Crazy,penguinz0,Gameplay
76YFH1yhLk4,I Turned YOUR Drawings into Minecraft Mobs!,TerasHD,Gameplay
m0hPRIigi0g,What Happened to Every Viral Mr Beast Contestant?,Ryan Pictures,Personal Development
ZyL7EzLET64,They're Still Refusing to Release Epstein Files,penguinz0,Politics
ut3AsOLpo4E,CY - Haşereler Bir Gencimizin Daha Canını Aldı.,Efe Aydal,Politics
14jPu_wh2no,Konya'da Neden YÜZLERCE Obruk Açılıyor?,Evrim Ağacı,Personal Development
c__STrlIwZM,"CY - Türkiye'deki İşleri Beğenmeyenler ""Şımarık"" Mı?",Efe Aydal,Politics
aFBzXZQ3msM,We have a mental health crisis..,Asmongold TV  ,Politics
n1EpensphRY,Suriye`de Neler Oluyor? I SDG (Kürtler) Ayaklandı mı?,Yusuf Kayaalp,Politics
-lkqjH3jXUc,"""Yetişkin"" Olduğunuzu mu Sanıyorsunuz?",Evrim Ağacı,Personal Development
siO5MVQF7Cg,"CY - Vaaay, Özel, Erdoğan'ın Kaçırılmasına Karşıymış.",Efe Aydal,Politics
6CXLED2uWcE,I Solved FNAF 1 (All FNAF Lore Explained: Part 1),Hyper Droid,FNAF
ZgALgOnbfzs,The Era of High Paying Dev Jobs is Over..,Shade of Code,Software Developer
-QAZuWX5JSY,"CY - Katilleri ""Deli"" Diye Salma Sorunu",Efe Aydal,Politics
_WHBx6GzAwY,CY - Muharrem İnce Dinci Teröristlere Karşı Uyarmıştı.,Efe Aydal,Politics
aaGw_PtkJDA,İnsanlık Ne Zamandır Var?,Evrim Ağacı,Personal Development
lZueDNxic2g,"Otizm, DEHB ve Üstün Zeka Aynı Anda Olabilir mi? I @Dr.UgurZat",Dr. Uğur Zat,Personal Development
rPo0uLK4Yyo,CY - Atatürk'e Sallayan Aczmendi Meczuplar,Efe Aydal,Politics
GuOIag5NNBo,CY - Erdoğan Zamanında Bulgaristan Göçmenleri İçin Ne Demiş,Efe Aydal,Politics
fuCHIBoAOCQ,SONY ŞİMDİ YANDI | Kopya oyunlar yolda!!! #GG Teknoloji ve Oyun Programı,Mesut Çevik,Gameplay
I3zN3PfhDPI,This is important and needs your utmost attention.,Asmongold TV  ,Gameplay
0hveID4sano,CY - Sırrı'nın Adını Salona Veren Chp Belediyesi,Efe Aydal,Politics
Wj287uyCPp8,ERLİK'TEN HAYAT DERSLERİ!!,Mr. Ergenekon,Personal Development
FZ78-7Brt8E,Beyninizin Kontrolü Sizde mi?,Evrim Ağacı,Personal Development
v1VdhxJ7zwc,Beyin Çipleri Herkese Geliyor! 🧠 Neuralink Seri Üretime Geçiyor!,Çiçek ile Teknoloji,Software Developer
Xqq6yzbx6Rc,CY - Eskiden Meczupa Meczup Derdik.,Efe Aydal,Politics
gM2G5eWjjho,AKP'NİN FATURASINI KİM ÖDEYECEK? | Bahadırhan Dinçaslan Yorumluyor,KuzgunTV,Politics
Zt0b3AAHKHM,Jahrein Şehit Annesini İzliyor CHP'ye Sert Eleştiri,Kicktvsz,Politics
811f8dBoSAg,ROMANTİK KAHRAMAN | Bahadırhan Dinçaslan Yorumluyor,KuzgunTV,Politics
bL_QHgOMi3Y,"CY - ""Bizim Başkanı da Kaçırsınlar"" Diyen Tayfa",Efe Aydal,Politics
S-S7Wa2GEFc,This OVERLOOKED Character Just SOLVED FNAF…,FREDD'N,FNAF
KVFLdx_CPUo,YAPAY ZEKAYA İNAT: 2026'DA HEPİNİZİ YAZILIMCI / HACKER YAPIYORUM!,Can Deger,Software Developer
boqAC_AC8ss,The Unreal Engine Roadmap I Wish I Had (Beginner → Advanced),Gorka Games,Software Developer
nwJCZiLW3qo,How Social Anxiety Kills Your Personality,HealthyGamerGG,Personal Development
RIuqjFP2cHg,How To Become a Master at EQ (in Only 15 Minutes),Akayo,Personal Development
7KqBJJicGTs,Yapay Zeka Rock Konseri,Efe Aydal,Politics
ShDrIV3zz8c,CY - Tutuk ve Geri Zekalı Çeşitleri,Efe Aydal,Politics
j63PMlgOR1o,CY - apo Savaş mı Kazandı da Hükümete Şart Koşuyor?,Efe Aydal,Politics
OX8H2C6cv6I,"CY - Bize Söyledikleri En Büyük Yalan: ""Şehidimizin Kanı Yerde Kalmayacak""",Efe Aydal,Politics
Z7WppWCc7ik,FNAF MYSTERIES: Is William Afton STILL HERE?,TDreads,FNAF
5IR4UENmuzA,People have found a way to buy and pay $0..,Asmongold TV  ,Politics
4OOezZ4NbBc,2026’da Yazılımcı da Güvenlikçi de OLUNMAZ (?),Can Deger,Software Developer
sVyKnv-j22s,2025'te Bilim Dünyasını Sarsan 10 Olay! (Satürn'ün Halkalarına Ne Oldu?),Evrim Ağacı,Personal Development
820_UcvDh3U,How To Fry Scream | Metalcore Tutorial,Brendon K Padjasek Music,Vocal Training
rYGXS6s3ylI,Did the FNaF2 Movie RUIN these Characters? (not really),Dual Process Theory,FNAF
1STpffTxp2Q,Every Vocal Technique You Can Practice (Explained),WarrenVoice,Vocal Training
s6lqWYXvEds,"Give me 7 Minutes, I'll Change the Way You See The Fretboard",Daniel Seriff,Vocal Training
jKZaS1dnzK8,How To Scream LOW & GROWL (Without Hurting Yourself Or Sounding Horrible),Chris Liepe,Vocal Training
2orDgvwqnOU,The THREE keys to building great vocal distortion (so simple),Chris Liepe,Vocal Training
sBP0t8OCUvc,the THREE types of Screams (and how to practice them),Chris Liepe,Vocal Training
fHzOsj5fxAM,Are you sure your DISTORTION is SAFE? Here's how to tell (3 Simple Checks),Chris Liepe,Vocal Training
NT9E6EI472g,How to do GUTTURALS (2026),Scream Academy,Vocal Training
8gPmKDOU8Rw,VOCAL COACH EXPLAINS: HOW TO FRY SCREAM IN 4 *EASY* STEPS,Blegh University,Vocal Training
5G26MA_RPtU,"How to Sing Like James Hetfield (Hyper Compression, Air Flow, Moderation) NOT a Reaction!",Chris Liepe,Vocal Training
HGUZ6pzRIj4,How to Sing Like Sam Carter. Architects. (Explained & Demonstrated) NOT A REACTION VIDEO,Chris Liepe,Vocal Training
1nnndhSc4iw,how to sing better instantly for guys,Adam Mishan,Vocal Training
W60dDQxPkP0,*No-Product* Haircare routine for men,Feel Good With Ali,Personal Development
CRtIG-SbTiM,Yaşam Niye Aynada Gördüğümüz Gibi Değil?,Evrim Ağacı,Personal Development
MRjJMhOzqTw,CY - İkinci Sırada Kalma  Sanatı,Efe Aydal,Politics
6tSZYoqjYBI,CY - Tengrici Olmayan Arap Gerçek Arap Değildir.,Efe Aydal,Politics
Q6AyZPi86U8,Purplebixi - DEM PARTİ'NİN %60 OY ALDIĞI İLÇEDE 1 HAFTA GEÇİRMEK! İzliyor w/@AkademikLink,PurpleBixi,Politics
lLa6UJ3gI5Y,Ters Entropi: Tenet Filmini Anlayabildiniz mi?,Evrim Ağacı,Personal Development
-MSCpKfHzAU,Every DDR RAM Explained In 11 Minutes,explainerguy01,Software Developer
JqJVHOMbcDo,"CY - Chp Sürece Destek Vermekten ""Korkmuş""?",Efe Aydal,Politics
Zq81_5iSDQ8,TÜRK DÜNYASI NASIL BİRLEŞİR? Canlı Yayın Vusal Hasanzadeh,Tolga Turan,Politics
EqbpXsTbDBc,"CY - ""Sizin Atanıza da Savarona'yı Aldılar"" Muhabbeti",Efe Aydal,Politics
8P_j9tRLwcw,I Found The ANSWERS To FNAF Lore's Unexplained Mysteries!,WitheredCircle,FNAF
IwCyFcL6Tqg,What you REALLY need for home calisthenics (no bar needed),Yellow Dude | Gravgear,Personal Development
vgpdljZQxtY,How I Grew 3 Inches by Fixing My Anterior Pelvic Tilt | 15 Minute Routine,Oscar Patel,Personal Development
wlAHQIrcchM,10 Gym Mistakes Destroying Your Gains (You'reProbably Doing #4),Captain Workout,Personal Development
Pj2f5x_ipEg,Want a Sharper Jawline? Start Here,Captain Workout,Personal Development
hRmyVAGuhc4,Why Your Workouts Aren’t Working (And How to Fix Them),Captain Workout,Personal Development
ibB5nWHU2cY,How to ACTUALLY Get Abs,Captain Workout,Personal Development
7-ex2qeAkdc,Why You Can’t Love Yourself,HealthyGamerGG,Personal Development
TAe3ud_ikvU,“Geç Kaldım” Hissiyle Nasıl Başa Çıkılır? I Psk. Merve Başıbüyük,Merve Başibüyük,Personal Development
QLK9G5zyU-Q,React.js shell shocked by 10.0 critical vulnerability…,Fireship,Software Developer
hP7jLo0R_fg,Did We Get Springlock Suits WRONG This ENTIRE Time?,Twisted Animatronic,FNAF
wf4vq4AQMW0,FIVE NIGHTS AT FREDDY'S 2 FİLMİNDE KAÇIRDIĞINIZ DETAYLAR -  FILMEZOOM #45,Paribu Cineverse,FNAF
fiZbeQCr2hA,CY - Hayrettin Kadrosundan Atılma Hikayem,Efe Aydal,Politics
6HE1Po6cef8,MUHAFAZAKAR KADIN PARTİSİNE KATILDIM! | Muhafazakar Eğlence Anlayışının Farkları?,AkademikLink,Politics
Fqsl4_6gAE8,İhanet Sürecinde Barzani Rezilliği! | Yayın Kesit,Foşix Erlik,Politics
sv9byjU_rKo,CY - Kürt Köylerini Bombalayan Irkçı Zalim Kimdir,Efe Aydal,Politics
SfHWuPoaVxM,They're making dating IMPOSSIBLE.,Sydney Watson,Politics
m0-_PBJ2eqI,Her Şeyolog - 374. Bölüm (Güldür Güldür Show),Güldür Güldür,Gameplay
22V4L8IiHkI,Asmongold's Advice For People Who Feel Behind In Life,Daily Dose Of Youtube,Personal Development
P7Y-fynYsgE,An AI Expert Warning: 6 People Are (Quietly) Deciding Humanity’s Future!,The Diary Of A CEO,Personal Development
Kb1oUKmNAlI,NO ONE is ready for this..,Asmongold TV  ,Gameplay
aduK-5XqHLk,VISITING THE FNAF 2 MOVIE SET...,Dawko,FNAF
pzxqSkNw59w,KUMAR VE PORNO GENÇLİĞİ: Bağımlılıktan Kurtul,Tolga Turan,Personal Development
Vxc25tx1JmU,"Erlik, Veryansın'a Bağlandı! | Yayın Kesit",Foşix Erlik,Politics
Xg07XzypJUk,BAĞIMLI YAPAN OYUNLAR! Enis Kirazoğlu ile güncel konuları tartışıyoruz,Mesut Çevik,Gameplay
AZbCNO34yk0,HOW?,Asmongold TV  ,Gameplay
4Up5_py3re0,CY - Şerefliler Ne Zaman Şerefsizler Kadar Cesur Olacak?,Efe Aydal,Politics
HlIn7iRi7dQ,CY - Irkçı Türkler Yönetimi Ele Geçirirse Ne Olur?,Efe Aydal,Politics
FQGfC6Wpow0,People are f*cking stupid..,Asmongold TV  ,Gameplay
SbrAgG82hGw,CY - Atatürk Mandayı Kabul Etseydi Şimdiye Yok Olmuştuk.,Efe Aydal,Politics
5P4jWR712jQ,CY - apo'yu Salarsanız Ortalık Karışır.,Efe Aydal,Politics
XuYRDALOs-s,IDEAL PARTNER for INTJs!,TYPOLOGIA,Personal Development
1bHiV9mrykM,“MBTI Is Fake”? Watch This Before You Decide,TYPOLOGIA,Personal Development
bsL7ZnKIAhs,Did Google just kill OpenAI?,Fireship,Software Developer
VJYXy-40ZHs,I WATCHED THE FNAF 2 MOVIE EARLY WITH SCOTT CAWTHON,Dawko,FNAF
Afpc-EpjzCU,İhanetin Boyutunu Kavra.,Mr. Cypriot,Politics
UM1Ip7-hR6A,Japonya Silahlanıyor: Sessiz Dev Uyandı!,Yusuf Kayaalp,Politics
gH8VGijBCA0,Vibe Coding Cehenneminden Çıkış,Efe Karasakal,Software Developer
L_2PitxsHuU,ABDULLAH ÇATLI: Devletin Gölgesi,Tolga Turan,Politics
zy4-6oAy6qU,"İSRAİLLİLER ""TÜRKİYE"" HAKKINDA NE DÜŞÜNÜYOR? | 1.500 Kişilik Araştırma! 📈",AkademikLink,Politics
KT7Z31HuNwQ,Soğuk Savaşta: TÜRKİYE (III.Dünya Savaşı),Yusuf Kayaalp,Politics
pV9jfsJS52g,"ERLİK, JAHREİN VE YUSUF KAYAALP ALPER ÇAĞLAR İLE ANILARINI ANLATIYOR!!",Mr. Ergenekon,Politics
bsvVzkFiTnQ,CY - Bölükkafa'yı İçeri Almışlar,Efe Aydal,Politics
Mo1A45ShcMo,You're More Stressed Than Ever - Let's Change That,Kurzgesagt – In a Nutshell,Personal Development
q1-1EVRqogc,10.000 Saat Kod Yazmak,Efe Karasakal,Software Developer
1gF5uY_lDvM,İlk Londra Konserinden Öğrendiklerim | Stüdyo Güncellemesi 2. Versiyon,Deniz Sayman,Personal Development
mkQv13ldscM,A wake up call for computer science students,Lattice,Software Developer
44QfvHtiiRM,"The Secret FNAF Event (w/ MatPat, Dawko, FNAF Movie Cast)",FuhNaff,FNAF
D6huU6H_4I8,I’ve been eating nothing but fast food for 14 years..,Asmongold TV  ,Gameplay
mB6swBWdMRA,I wasn't going to show this..,Asmongold TV  ,Gameplay
LGnVlb0zdO0,Wtf is an M3? | FNaF Theory,Dual Process Theory,FNAF
li_To_-c8oA,Kürt H1ZBULLAHI,Yusuf Kayaalp,Politics
aET-nt9-HSA,CY - Ünlü Olmanın Zor Olduğu Zamanlar...,Efe Aydal,Politics
OKQYCPTeoxo,TALİBAN: KARANLIĞIN ŞAFAĞI Afganistan Belgeseli,Tolga Turan,Politics
Lta0O7S6FgM,Oh No No No No No No......,Asmongold TV  ,Gameplay
2U0GwNTQfpQ,ENFP (Ti) Blindspot explained - easiest to be sold,TYPOLOGIA,Personal Development
moNDTRzHfjQ,INTJ (Fe) Blindspot explained - the cost of emotional blindness,TYPOLOGIA,Personal Development
zRCMtpzV2m8,Game Theory: Let's Plays are Dead...But Why?,The Game Theorists,Gameplay
Oo9EbArcQ1c,"I Saved 1,000 Animals From Dying",MrBeast,Personal Development
PVka4Hd_D38,Why Modern Men Feel Empty,HealthyGamerGG,Personal Development
o1PkGKnLGaA,Zenginler neden hep güzel? | Çünkü hayat adil değil!,Cansu Canan Özgen,Personal Development
GTtIxyw9OEc,Game Theory: Poké Balls Are KILLING Pokémon?!,The Game Theorists,Gameplay
mOVjMJwf_2o,VELUTAN: QASSAR'IN KUMLARI #1 | TÜRKÇE FRP / RPG w/@Swaggybark @jahreinboss @Burhi @melquiem,Velutan,Gameplay
lXTgyjeAYWw,OYUNLAR BİR ÇOCUĞA ZARAR VERİR Mİ? Enis Kirazoğlu ile konuştuk,Mesut Çevik,Gameplay
wUfekb5fzFI,CY - Polonya Sığınmacı Almayı Reddediyor.,Efe Aydal,Politics
rBRZm3YPoQ4,CY - Meclisteki apo Sloganları,Efe Aydal,Politics
ymWF-pvANgg,"ZENGİN OLMAYI DENEDİM, 1 YILDA NASIL BAŞARDIM? ✅ (Peynere 3. Bölüm)",Onur Naci Öztürkler,Personal Development
Yc87QcnLb5g,Everyone is talking about this video..,Asmongold TV  ,Gameplay
PLKrSVuT-Dg,How to make vibe coding not suck…,Fireship,Software Developer
ae9hOrWFBO4,BATMAN to DEMOCRAT,hoe_math (PsychoMath),Politics
5AXfny5AfBE,Yeni Başlayanlar İçin Cursor AI Kullanımı,HQ NET,Software Developer
tcZ1BR6WXN8,Why I QUIT VS Code for Cursor AI (Honest Review + Beginner Tutorial),Internet Made Coder,Software Developer
LUww46-oOTU,Antidepresanlar: İlaç mı Zehir mi? Prof. Dr. Hakan Türkçapar ile Söyleşi,Beyhan Budak,Personal Development
9wEsP87Wmgo,"Jane Goodall, ""İnsan"" Tanımını Nasıl Değiştirdi?",Evrim Ağacı,Personal Development
bGsIHjVTOao,PKK'lı BERİVAN: Sahte Feminizm,Tolga Turan,Politics
yivN7nVI_do,Yapay Zeka Çağına Hazırlık,Oğuz Ergin,Software Developer
YpoOf6uak-A,"THE HIGH LEVELS [of Thinking - and How they Make Things Better, Sometimes]",hoe_math (PsychoMath),Personal Development
U9px365iwEo,Karadeniz'de Geri Sayım,Foşix Erlik,Politics
1iTDSvMgswM,Yeni Nesil Neden Sevişmiyor? | İnce İşler,İnce İşler,Personal Development
To9rLT52b6w,CY - Educatedear'ın İçeri Alınması Hakkında...,Efe Aydal,Politics
IzCoygNlibc,Game Theory: Was I WRONG About Secret of the Mimic?,The Game Theorists,Gameplay
9kZYa69NOEk,CY - Fazla Medeniyet Bizi Bozar.,Efe Aydal,Politics
842BsGDWBE8,"Get Married, Have Sex, Raise a Family",Brett Cooper,Personal Development
ky2Ts19VQBU,CY - İzmir İflas Etti. Güvenlikçi Tutacak Parası Yok.,Efe Aydal,Politics
bfy4MTEJeKM,8 Signs You're Definitely an Attractive Man,Psychology Phase,Personal Development
6PE4VznmZAg,DOĞU İTTİFAKI ÇILDIRDI MI?,Yusuf Kayaalp,Politics
ah11Du4M0_c,Bilmem Mi,Efe Aydal,Politics
DiCpfWt6ewE,KÖTÜ NEDEN HAKLI? İyi Kötü Çirkin Film inceleme,Tolga Turan,Politics
OBzDXXZzjyA,Why Women Don't Want to Date Red Pill Men | Episode 69,Brett Cooper,Personal Development
XNc27B0ewsM,Decoding Metalheads: The Most Accurate Psychological Profile So Far,Psychology of Rock,Personal Development
Fzo1YapnBWs,Cem Karaca - Turkish Rock Legend 🇹🇷 | Vocal Coach Analysis |  Islak Islak First Time Reaction,Beth Roars,Vocal Training
M19_2NH55u0,DİKKAT İlişkiyi Bitirir Seni Sevenle Mi Birlikte Olacaksın? İlişkide Denge| Pelin Kozan Tuna Tüner,Pelin Kozan,Personal Development
mR31M-km-0w,Lazer Ameliyatı Oldum: Riskler ve Deneyimim,Yusuf İpek,Personal Development
Sjs8FHkdjBs,"Sleeping on a Fresh Tattoo?  |  All About Nighttime Tattoo Aftercare (with Pets, Too!)  |  INKADEMIC",Inkademic,Personal Development
FwQYRPTCQGA,Ahlaki Nihilizm,Cemre Demirel,Personal Development
I33KpzgGYJw,Osmanlı'nın Amerika'ya Meydan Okuduğu An!,Yusuf Kayaalp,Politics
QU8mTR5iPLM,Calisthenics vs Gym: Which Is More Effective?,Captain Workout,Personal Development
Y5kJxCdZJEM,American Doctor SHOCKED By Foreign Sex Ed Videos,Mama Doctor Jones,Personal Development
BSqKiOiBhFk,Belediyeye Kayyum Atamak Demokratik mi?,Evrim Ağacı,Politics
GOejI6c0CMQ,Meta's most dystopian product yet...,Fireship,Software Developer
OfOPrmnHRxw,AI companions are taking over… let’s build one,Fireship,Software Developer
DR7_vSPUYbA,iOS 26 is AMAZING! Do these 10 things FIRST!,Proper Honest Tech,Software Developer
5v7bQugeCHM,"ERKEK ADAM NASIL GİYİNİR? Cavs, Erlik ile Sohbet Yayını #1",Cavs Kesit,Personal Development
Rp8wwFLBGjs,Mars'ta ANTİK YAŞAMIN İzleri Bu Defa Keşfedildi mi?,Evrim Ağacı,Politics
0bnY0z_TAe4,KAZIKLI VOYVODA ve FATİH SULTAN MEHMET,Yusuf Kayaalp,Politics
TRsEi1Ce-XA,The Neuroscience Behind Male Rage,HealthyGamerGG,Personal Development
eHLNfq-yT2g,What's Next For Five Nights at Freddy's?,Dawko,FNAF
aAAm8JRRhno,"Erlik, Biraz AHaber İzliyor! | Yayın Kesit +18",Foşix Erlik,Politics
ziT-bWP7DCI,'Siyasetçi Siyasetçiye Benzer' Muhabbeti Üzerine | Yayın Kesit +18,Foşix Erlik,Politics
YjxqpL0yGtI,Yıldızlararası İlk Temas: Uzaylılar Güneş Sistemimize Gemi mi Gönderdi?,Evrim Ağacı,Politics
kUwMbo4G8eQ,We OVERANALYZED The FNAF Survival Logbook! (and found NEW LORE),TDreads,FNAF
kqs_hw3pPdA,Yunanistan Neden Deli Gibi Silahlanıyor!,Yusuf Kayaalp,Politics
S4AZCKUwnhk,The Psychology of Metalheads: What Science Says About the Personality of Heavy Metal Music Fans,Psychology of Rock,Personal Development
tfbM6vYsW9g,Why Overthinkers Make No Progress (Rumination),HealthyGamerGG,Personal Development
05tG47pv1vM,How To Get A Girlfriend,HealthyGamerGG,Personal Development
mVjXBgqptGk,TEMİZ TÜRK'ÜN DÖRT SORUSU |ÇOK HIZLI GÜNDEM S3B109,TamgaTürk,Politics
8P6McS-cuWc,OYUN YAPMAYA BAŞLAYACAKSAN ÖNCE BUNLARI ÖĞREN!,at0m,Software Developer
4jvfYAkQlxk,Türkiye’de İÇ SAVAŞ Neden İmkânsız?,Yusuf Kayaalp,Politics
BfThtZJPZ5Y,Why You Feel Like No Diagnoses Fit You,HealthyGamerGG,Personal Development
8_GgeASwHwQ,Google’s nano banana just killed Photoshop... let’s run it,Fireship,Software Developer
nK5ve1jNQPM,"""Vibe Kodlama"" ile işe yarar uygulama geliştirilebilir mi? ""Wrapper"" uygulamaların geleceği var mı?",Baris & Baris,Software Developer
ZiruI85JCew,"Yarından Sonra: Ne Kadarı Bilim, Ne Kadarı Kurgu?",Evrim Ağacı,Politics
pF_qbJwYqTg,CY - İyi Bir Lider Hem Merhametli Hem Gaddar Olabilmeli.,Efe Aydal,Politics
li70iz1NaDY,Young Men Are (Quietly) Giving Up...Here’s Why!,The Diary Of A CEO,Personal Development
uacwmy_xblA,Introvert goes to the club ALONE | What I Learned,Rey Arty,Personal Development
dm2qDrb3UVo,The Porn Addiction Crisis No One Wants to Talk About – Dr. K,The Diary Of A CEO,Personal Development
CvM9spJ8Fns,NIHILISM: The Reason Your Life Feels Hopeless,HealthyGamerGG,Personal Development
13SbXvrE4dg,CY - İçimizdeki Lawrance'lar,Efe Aydal,Politics
Qw9-XOt4614,CY - Üşümezsoy Depremcilerin Canan Karatay'ıdır.,Efe Aydal,Politics
6bzXtTuolMQ,"""Halil Pazarlama"" Metal Cover (AI Müzik)",Efe Aydal,Vocal Training
GFk-NtJ29kk,Baştan Başlasaydım Yapay Zekayı Nasıl Öğrenirdim?,Noktalı Virgül,Software Developer
eVrLSFLecZ4,Osmanlı Padişahı Olarak Doğsaydın?,Yusuf Kayaalp,Politics
bppNzhONL8A,Male vs Female Flirting,Shoe0nHead,Personal Development
bRBd7wTjoJg,Productivity Hacks Are Making You Worse,HealthyGamerGG,Personal Development
z_RaFKumK10,"CY - Tinki Winki'yim Akp'liyim, Ne Yapabilirsin?",Efe Aydal,Politics
MY6dh5TjZ5M,"CY - Evet, Kamalistler Çıldırdı.",Efe Aydal,Politics
RoFKYpGq76U,ARAP İSYANI: Osmanlı’yı Arkadan Vuran İhanet,Yusuf Kayaalp,Politics
oeKcJvL7awA,HİKAYELERİ GERÇEK OLAN OYUNLAR!,Batuhan İşci,Gameplay
Uu2vnc7nrlY,The Secret Reason Why Women Reject You,HealthyGamerGG,Personal Development
sLY8uVZLxZY,"HERKESTEN GİZLİ YAPTIĞIMIZ YENİ FPS OYUNU! GTA 6 ERTELENEBİLİR, BATTLEFIELD 6 OYNADIM!",Enis Kirazoglu,Gameplay
EvrpWFI2_IY,Attack Animasyonu ve Sphere Trace - Unreal Engine 5 TÜRKÇE,Samet Yalçın Bitişik,Software Developer
AOvkMbhZ9gA,CY - Üstün Zekamı Kullanarak Özgür Özel'den Cacık Olmayacağını Keşfettim.,Efe Aydal,Politics
1b2uLVEOszM,Why You're Struggling To Find Love: things I wish I knew earlier,Ruri Ohama,Personal Development
DZ9STXbvCRk,CY - Mutsuzluğunu Başkasına Bulaştırmaya Çalışanlar,Efe Aydal,Politics
7nHEMJ1du1A,Harley Davidson V ROD FOR ALEX TERRIBLE,Alex Terrible,Vocal Training
Bpgsin_cw_M,CY - Erkekler Neden Manita Bulmakta Zorlanıyor?,Efe Aydal,Politics
SQpxWpq6TAQ,"You Shouldn't ""Still Be Friends"" With Your Ex",HealthyGamerGG,Personal Development
eRVu3WQUMms,NEVER bend the knee,Sydney Watson,Politics
F133phUqUCU,SotM isn't THAT Complicated... she aint haunted | FNAF Theory,Dual Process Theory,FNAF
yV0_aWQKwCo,Duayen ders/ERLİK,ERLİK / ERLİZZY,Politics
f0pB9KaclGc,CY - Kariyer Tavsiyesi İstenecek Son Kişiler Youtuberlardır,Efe Aydal,Politics
0Mvfx2HQxUc,CY - İtalya'da Sadece Kadın Öldürene Ömür Boyu Hapis Vermek,Efe Aydal,Politics
MNlYMbg2F-U,CY - İki Durak Arası Kadın İndirme Sorunsalı,Efe Aydal,Politics
ygjtEQO2NiE,Hayatını Değiştirecek Kararları Verememenin Gerçek Sebebi (analiz felci),Baraneemo,Personal Development
JadWdhE0kFE,CY - Tek Derdiniz Türkçü Sayfalar Mı Oldu?,Efe Aydal,Personal Development
aSpqyW0sTLQ,VAHDETTİN: Hain Padişah mı?,Yusuf Kayaalp,Politics
Dif3iDkSBIU,RESPONSIBILITY [Red Flag #9],hoe_math (PsychoMath),Personal Development
3ZC8FDapaIU,Kendini kıyaslamak/ERLİK,ERLİK / ERLİZZY,Personal Development
hWtvBO83MLs,Anti-türkizmin temelleri aynıdır/ERLİK,ERLİK / ERLİZZY,Politics
WmhVwlDJSrQ,"RIP Ozzy.  Vocal Analysis of ""Iron Man""",The Charismatic Voice,Vocal Training
ZRlmyghx7Cc,CY - Youtube'da AI Videolardan Artık Para Kazanılmayacak.,Efe Aydal,Politics
5NujMBxPorY,Gerçek motivasyon konuşması/ERLİK,ERLİK / ERLİZZY,Personal Development
O4vwWschgaw,Erkek ve kadın yakın arkadaş olmaz/ERLİK,ERLİK / ERLİZZY,Personal Development
TF_MUPYRE_0,CY - Akp-Dem Ortaklığının Sonu Nasıl Olacak?,Efe Aydal,Politics
MoNRvoU_yxA,Hayat ve Anlam/ERLİK,ERLİK / ERLİZZY,Personal Development
C5yYG45SkvI,Neden Hiçbir Şeye Başlayamıyorsun?,Baraneemo,Personal Development
GXGJkydRGmg,CY - 15 Temmuz Akp'nin Bayramıdır.,Efe Aydal,Politics
RTCXoaZrr80,Videoyun - Kendisinin de Bulunduğu Enis Kirazoğlu TARİHİN EN İYİ OYUNUNU SEÇTİK İzliyor (Bol Linçli),Videoyun Meyhanesi,Gameplay
usYnliKrVnc,JAHREİN ÜNİVERSİTE TERCİHLERİ HAKKINDA KONUŞUYOR,Jahistan ,Politics
d--2LarAvM4,"Erlik, Türk Halkının Aptallığı Hakkında Konuşuyor",TaKendisiyim,Politics
GlDMrKrXaLs,CY - Nihat Genç'in Orhan Pamuk'un İçinden Geçtiği Efsane Video,Efe Aydal,Politics
V3CUKjm2JuU,Johnny Blaze Tries to Sell Out Robbie to Mephisto - Marvel's Midnight Suns,Noctober,Gameplay
WwRKrRd0Wvc,CY - Asgari Ücrete Sürekli Zam Yaparak Ekonomiyi Düzeltmeye Çalışmak,Efe Aydal,Politics
Dvd9eDcMk_E,[What is the] DIFFERENCE [?] [RED FLAG #8],hoe_math (PsychoMath),Personal Development
VLoOq9wWg5M,CY - Akp Mhp Dem İttifakı,Efe Aydal,Politics
-SCkoeQHe-c,Queen of Turkish Rock! | Vocal Coach Analysis | Şebnem Ferah - Ben Şarkımı Söylerken Reaction,Beth Roars,Vocal Training
LT8bWsEcZBs,You Don't Suck At Improv: How I solo over anything,Brandon D'Eon Music,Vocal Training
__PWGR7M6nU,Jahrein Türkiye’nin ilk AAA oyunu Black State,Jahistan ,Politics
cDCXNXYVwDo,98% [Why is it hard?],hoe_math (PsychoMath),Personal Development
aGNX55aaPJA,Açılım Masalı,Oğuz Ergin,Politics
9QLjH_4Vi70,Hayata geç kaldığını düşünen insanlara tavsiyelerim,Baraneemo,Personal Development
dCgSw2B92rw,Single Man's GUIDE to Going Out Alone!,Sebastian Riccobono,Personal Development
o1QCB8Zh7xk,CY - Nihat Genç Boşuna Mı Uğraştı?,Efe Aydal,Politics
e0ec2-E5Xq8,Why You Still Haven't Grown Up,HealthyGamerGG,Personal Development
TT0eeXCgmuo,İyi hayat nedir? Kafa açan sohbet - Cemre Demirel,Cemre in the house,Personal Development
S9A8vr8sh7g,DOMBRA'DAN DADALOĞLU ŞENLİKLERİNE: ORKLAŞMAK |ÇOK HIZLI GÜNDEM S3B87,TamgaTürk,Politics
ZvB5sMtxiJc,CY - Neden Agnostik Değilim,Efe Aydal,Politics
57ihtnGNBqw,"Erlik, İmamoğlu Belgeselini İzliyor! | Yayın Kesit",Foşix Erlik,Politics
jCpABBYal3E,im sick,Markiplier,Personal Development
zhM3HmlfqX0,CY - Kılıçdar Geri Gelse Yine Oy Verecek Milyonlar Var.,Efe Aydal,Politics
_Mp5BqBJ884,"FNAF: Secret of the Mimic EXPLAINED! (Lore Breakdown, All Easter Eggs, All Secrets & MORE)",Hyper Droid,FNAF
DDxcbWf7jvw,SOLCU DA SATIYORMUŞ |ÇOK HIZLI GÜNDEM S3B85,TamgaTürk,Politics
dr1tnV6OF4A,"Erlik, STV'nin 'Karanlık Kurul'unu İzliyor! | Yayın Kesit",Foşix Erlik,Politics
kg5ggIis-9g,CY - Marmaris'teki Azgın Azınlık,Efe Aydal,Politics
N_0Q3hVuFtc,LEVELS [1: INTRODUCTION],hoe_math (PsychoMath),Personal Development
B6xkpm0OHAc,Yeni Orta Doğu Haritası Çiziliyor: Türkiye Nerede Duruyor?,Yusuf Kayaalp,Politics
013OwUXBx_w,TONY MONTANA NEDEN HAKLI? ScarFace film inceleme,Tolga Turan,Politics
C2kcjXDjG0o,CY - Aşırı Gereksiz Agresif Olmamız En Büyük Sıkıntılarımızdan Biri,Efe Aydal,Politics
3X0SGOQe7v4,How to TUNE your guitar like THE ARCHITECTS & WAGE WAR,Gary Hiebner,Vocal Training
NuPR1kCYUHI,"KORKMA, YALNIZ DEĞİLSİN | Tek başına oyun yapmak ve yapay zeka",Mesut Çevik,Software Developer
rM4nAZOJoTQ,"I Had Songsterr A.I. TAB Out These Classic Riffs (okay, now I'm scared)",The-Art-of-Guitar,Vocal Training
B3e5v3zQlpI,BIRD HANDS [Start watching for them],hoe_math (PsychoMath),Personal Development
WP7GVMfX38k,Game Theory: The END of Mascot Horror,The Game Theorists,Gameplay
xZplt6LO8u4,"give me 9 minutes, I'll give you 10 years",BERNTH,Vocal Training
9bcj_3N5fdY,CY - Sosyalistler vs Kapitalistler,Efe Aydal,Politics
hys1x3QRJCA,CY - Chatgpt'si Olan Adamın Dosta İhtiyacı Olmaz (Mı),Efe Aydal,Politics
nc61M0HheJU,İRAN Bölünürse TÜRKİYE Ne Yapacak?,Yusuf Kayaalp,Politics
RqnPOtJ5XJk,"CY - ""Erkek Olmak"" Nedir?",Efe Aydal,Politics
jqO6htdI4P8,Kısa Türkiye Siyasi Tarihi,Mustafa B. Bozkurt -Kick Kesitleri,Politics
J5AMz_HQYIc,CY - Trump / Elon Musk Kavgasının Sebebi Neydi?,Efe Aydal,Politics
xjSMpIGozA4,CY - Lgbt Solcuların Umrunda Sananlara Satılık Köprüm Var.,Efe Aydal,Politics
cxPQ30zBWdE,"CY - Ateist Sayfanın ""Arabistandaki Taş Yapı"" Paylaşımı",Efe Aydal,Politics
yejGzQJp5jY,Gibi Neden Efsane? | Gibi’nin Senaryo Matematiği,Filmograf,Gameplay
rGXSF2oMxj0,CY - Aşırı Muhafazakar Yerlerde Neden Sapkınlıklar Da Aşırı?,Efe Aydal,Politics
t_QpLNZaA6I,"CY - Denizli'den Gidip ""Kültürlü, Aydın"" Gurbetçilerimizi Dolandırmak",Efe Aydal,Politics
8vyQ3Kg_8VY,"CY - ""Analar Ağlamasın"" Masalına Üçüncü Kere İnanan Bayram Akrabaları",Efe Aydal,Politics
y1jQ_uPQ-3A,All Assassin's Creed Cinematic Trailers REACTION,Sharr,Gameplay
cU4gNwWqptM,CY - Atatürk Hem Düşmanla Hem de Onun Yandaşı Hükümetle Nasıl Mücadele Etti,Efe Aydal,Politics
XKgx-i7wwd0,"CY - Google Veo Çıktı, Kanal D Oyuncuları İşsiz Kalacak",Efe Aydal,Politics
QHOwniFlOFw,CY - Engin Altan Bu Sefer Düz Yatmadı.,Efe Aydal,Politics
6xX-0tHDp_s,CY - AI İle Yapılmış İlk Filmi Türkler Çekiyormuş.,Efe Aydal,Politics
yM4jlgdRNXA,CY - Özel Özgür Neden Dem'e Tek Kelime Edemiyor?,Efe Aydal,Politics
a8B9-swXr9c,CY - Herkese Para Dağıtarak Ekonomi Düzelmez.,Efe Aydal,Politics
pQbjPWr3T0c,CY - HaberTürk'teki apo Güzellemesi,Efe Aydal,Politics
LpRJxRnxTgc,FNAF: The REAL Science of Animatronics!,TheChiptide,FNAF
5j2jTdIdfDI,FNAF's INSANE Technology that's Actually REAL!,TheChiptide,FNAF
7SN8MiLkjLc,The Math of Rolling with Advantage (D&D/Baldur's Gate 3),TheChiptide,Gameplay
gP304EAa2JQ,İlişkide Cinsellik Aşamasına Nasıl Geçilmeli? Cinsel İçerik Bağımlılığı! -  Soru Cevap | İnce İşler,İnce İşler,Personal Development
xrrI0Fu9_x8,Game Theory: The Biggest Twist in GTA 6,The Game Theorists,Gameplay
3Y0CJ_UTbpI,Temel Haklar Çalıştayı - Eğitim | Özgür Hacıömeroğlu,Cumhuriyetçi Vatanseverler Partisi,Politics
AUaee3G3zWQ,Demokrasi Neden Efsane? Çoğunluk Her Zaman Haklı mı?,Filmograf,Politics
wWrsW76bG88,PSYOPS [How your brain is being used against you],hoe_math (PsychoMath),Personal Development
mMTu-oMu1SE,Yeni TAYYİP ERDOĞAN kim olacak?,Yusuf Kayaalp,Politics
-eN2Rlx6v18,"Krallar İçin Kurallar: Güç, Nasıl Ele Geçirilir?",Evrim Ağacı,Personal Development
TGDwINrJ80Q,Nasıl Daha İyi Uyursunuz?,Evrim Ağacı,Personal Development
22mK2lJzqU8,Jahrein En İyi Hikaye‘ye Sahip Oyunu Seçiyor,Jahistan ,Gameplay
kJ_T__y3ZjE,Game Theory: How DEADLY is the Assassin's Creed Hidden Blade?,The Game Theorists,Gameplay
U4PsIm9dDvs,You Were the Smart Kid. So Why Do You Feel So Lost Now?,Let's Talk Psychology Podcast,Personal Development
teMZ71jTbr4,How Six Vocal Coaches Changed my Life (and my voice),Chris Liepe,Vocal Training
wo_e0EvEZn8,Why Your Brain Blinds You For 2 Hours Every Day,Kurzgesagt – In a Nutshell,Personal Development
AY_a4S44QUw,How To Play A Guitar Solo Over Any Song (BEST METHOD),David Wallimann,Vocal Training
n19J3siV3SA,The Best Way To Learn Unreal Engine in 2025!,Unreal University ,Software Developer
RGQ6fYw3as0,Müzik Kulağı Testi | Gerçekten Müzik Yeteneğiniz Var mı?,Burçak Çöllü,Vocal Training
8QpncIJJkEQ,Every Tech Job Explained in 10 minutes,Privacy Matters,Software Developer
-sIFuthEYh0,Programmer Reacts to 'Animation vs Coding',Ellie Sleightholm,Software Developer
SxtIVe2im9Y,"7 Biggest “Aha"" Moments You’ll Have Learning Guitar",Andrew Clarke,Vocal Training
XVO3zsHdvio,Build Everything with AI Agents: Here's How,David Ondrej,Software Developer
cAkMcPfY_Ns,I Built a Neural Network from Scratch,Green Code,Software Developer
Xx-NcqmveDc,Stop using std::vector wrong,The Cherno,Software Developer
mviGPyhKIJo,EASILY run code on the GPU!,The Cherno,Software Developer
eRVRioN4GwA,What Kind of Math Should Game Developers Know?,SimonDev,Software Developer
SP6OhrahTIQ,5 Levels of Soloing: Easy to Advanced,Scott Paul Johnson,Vocal Training
yU8y27izAeE,How Racist Are Myers-Briggs Types?,JREG,Politics
h2cQ7D1EsjE,Şeyh Said İsyanı 1925 | İngilizlerin Kürdistan Projesi,Yusuf Kayaalp,Politics
3dh6V-nmHro,Bilgem Çakır'la Girişimcilik ve Oyun Geliştirme Üzerine,Oğuz Ergin,Software Developer
Cj_yR8YySdM,The COMPLETE Lore of Poppy Playtime,The Game Theorists,FNAF
IwN41dS2H30,I Got a Chess Lesson From Magnus Carlsen,Anna Cramling,Personal Development
zSFjensCZFI,How Do Hackers Crack EVERYTHING???,Re: Design,Software Developer
58kdlgKvEU0,Why Women Can't Find A Soulmate,HealthyGamerGG,Personal Development
TB0erU34YnQ,Yapay Zekada Bambaşka Bir Boyut: EVRİMSEL ALGORİTMALAR,Bebar Bilim,Software Developer
jdQFD1E9eUw,that person who's obsessed with personality types,Frank James,Personal Development
Ngz8HI7bBm0,How to Get PERFECT Hair in 4 Easy Steps | Style Theory,The Style Theorists,Personal Development
dPY3ESDtiHo,I WENT TO SEE THE FNAF 2 MOVIE ANIMATRONICS & SET - let’s talk about it!,Dawko,Software Developer
83m45rf4kxQ,CY - Erkeklerin Karısından Dayak Yemeyi Hak Ettiği Durumlar,Efe Aydal,Personal Development
PBtRdJxgtLk,CY - Hönkürten Fıkralar,Efe Aydal,Gameplay
Pq2CD8zsBMw,How To SURVIVE Squid Game! (Season 2) | Film Theory,The Film Theorists,Gameplay
8iXA7IzsgaI,Çözüm Süreci Nasıl Başladı?,Yusuf Kayaalp,Politics
7vdCcHVCMfw,How to ACTUALLY Find Your Personality Type,TYPOLOGIA,Personal Development
2A59eGanexo,@MrBeast TAKES A LIE DETECTOR TEST!,Orkun Işıtmak,Personal Development
vbvziFByVDk,PAVYONLARLA İLGİLİ TÜM GERÇEKLER!,AkademikLink,Personal Development
AH2l2YfRvio,How You Can Make £2000 Per Month As A Cozy Gamer,Wendy - Her Cozy Gaming,Gameplay
n6j7qnVmveM,Videoyun - Witcher IV Detaylı Fragman İncelemesi! Roguelike Elden Ring Oyunu... TGA Duyuruları!,Videoyun Meyhanesi,Gameplay
h6SyYEwaLx0,EVLENDİM - KANALIN İLK VE SON VLOG'U DİYEBİLİRİZ,Filmler ve Filimler,Politics
sZWaWoUhKR0,GLADYATÖR 2 - ELEŞTİREL PARODİ,Filmler ve Filimler,Politics
nEmV3aFb5MU,Meta Quest 3 First 26 Things To Do! | Tips & Tricks,HotshotTek,Gameplay
Vu1UP3_TM2M,Aşırı Dalgınlık: Hayalleriniz Hayatınıza Engel Oluyor mu?,Evrim Ağacı,Personal Development
dORE47jWf3w,Gladyatör | Neden Efsane,Filmograf,Personal Development
RRcGmIPYRB4,The Disney Theory,The Film Theorists,Gameplay
2gj_ZTW0v_g,Neural DSP Plugins GUIDE | Which ones should you get?,PAX,Vocal Training
8fZBNJbPPrM,Can American Guess 50 People's Nationality by Their ENGLISH ACCENT?,World Friends,Politics
qjz_07-DvE0,Ryan Montgomery - #1 Ethical Hacker Who Hunts Child Predators Catches One Live On Podcast | SRS #56,Shawn Ryan Show,Software Developer
0BjlBnfHcHM,"Beat Ronaldo, Win $1,000,000",MrBeast,Gameplay
cWXqre7Zc3A,İsrail`i Yok Etmek İsteyen Suud Kralı,Yusuf Kayaalp,Politics
NSvcDWETlF0,Rüyada Minecraft Oynamak | OASIS AI Minecraft,Swaggybark,Gameplay
f7TRFgmFaP4,Tips on how to date WOMEN,Jinnytty 企鵝妹 지니티,Personal Development
6B-At0H3Fo0,16 Personalities Describe Their Strengths,Frank James,Personal Development
ZzI9JE0i6Lc,AWS for the Haters in 100 Seconds,Fireship,Software Developer
EWCqu37JtFI,TARİHİN EN İYİ 100 BİLGİSAYAR OYUNU SEÇİLDİ! (HERKESİN OYNAMASI GEREKEN OYUNLAR!),Enis Kirazoglu,Gameplay
m4ZOlKzTgPw,IDEAL PARTNER for INFJs!,TYPOLOGIA,Personal Development
GuxcQ39pLIs,IDEAL PARTNER for ENTPs!,TYPOLOGIA,Personal Development
_q8SLeCQFl8,Film Theory: Help Me Solve the Impossible! (Gravity Falls),The Film Theorists,Gameplay
AdygBbbEnco,Best OS for programming? Mac vs Windows vs Linux debate settled,Fireship,Software Developer
emIcdeIBYoI,Gelecekten Gelen Adam: John Von Neumann,Bebar Bilim,Software Developer
o0ggJ1usBrE,Can The World’s Fastest Drummer Conquer “Through The Fire And Flames”?,Drumeo,Vocal Training
UkUXabYx1Ms,Türkiye'nin Terörle Mücadelesi | Osman Pamukoğlu,Yusuf Kayaalp,Politics
CIyEqtmZCWA,Film Theory: The Book of Bill ARG Reveals the Future of Gravity Falls!,The Film Theorists,Gameplay
bgo7rm5Maqg,We Fell For The Oldest Lie On The Internet,Kurzgesagt – In a Nutshell,Personal Development
6GnaZI80Y40,Goodbye MatPat! | MatPat's FINAL Stream!,GTLive,Gameplay
D-p9x7UeHXk,MatPat Teaches FNAF School! *Will You Pass?!*,GTLive,FNAF
8TNYpNw9Deo,Film Theory: The Inside Out Analog Horror Gets DARK...,The Film Theorists,Personal Development
T5ZQ4W0_ViI,Hizbullah Nasıl Kuruldu?,Yusuf Kayaalp,Politics
J7lC-D7mNQk,Style Theory: When Did Witches Get SO Hot?,The Style Theorists,Personal Development
c1nYtX-NUsc,Tired of Doomscrolling?,Kurzgesagt – In a Nutshell,Personal Development
cxVh9BQfbyY,Sultan 2.Abdülhamid`in Tartışmalı Hayatı,Yusuf Kayaalp,Politics
GWjkkFYP3Ug,Çalışmanın Bilimi: Okul ve İş Başarınızı Bilimle Nasıl Katlarsınız?,Evrim Ağacı,Personal Development
oTx-GSF3cts,This Video Might Save 58 Lives Next Week,Kurzgesagt – In a Nutshell,Personal Development
htZ7YDopusc,Golden Freddy Is NOT What You Think! | MatPat Reacts to @RyeToast,GTLive,FNAF
V_AbD03vJ98,Film Theory: The FNAF 2 Movie Will Be NOTHING Like the Game!,The Film Theorists,FNAF
wHMojzJLWRI,III.DÜNYA SAVAŞI: Taraflar ve Cepheler,Yusuf Kayaalp,Politics
QU3aYSNgNEw,Game Theory: This Star Wars Item Could ACTUALLY Exist Soon!,The Game Theorists,Gameplay
8iz5VDjGkec,"""🕵️‍♂️ ANONİM OLMAK SANDIĞIN GİBİ DEĞİL DOSTUM! 😱💻 GERÇEKTEN SAKLANABİLİR MİSİN? 🤔😂""",Can Deger,Software Developer
sECoWymnYRQ,OYUN YAPTIK 60 BİN SATTI! ŞİMDİ SİYASİ AKSİYON OYUNU YAPIYORUZ!,Enis Kirazoglu,Gameplay
SbvAaDN1bpE,Why Scientists Are Puzzled By This Virus,Kurzgesagt – In a Nutshell,Personal Development
rH175GlZhvs,UTORRENT HERKESİ NASIL DOLANDIRDI..?,CharmQuell,Software Developer
tmSzoy8cl8Y,"Film Theory: You Can Skip the Minecraft Movie, I Solved It!",The Film Theorists,Gameplay
GJ2QjhfUan4,Her Yıl Yeni Telefon Çıkarmak Şart mı?,Evrim Ağacı,Personal Development
WEnJwS5S_WA,Türkiye`nin AFRİKA Planı,Yusuf Kayaalp,Politics
XCxBCKKfkK8,Does This FNAF Theory Truly SOLVE Golden Freddy? | MatPat Reacts To @RyeToast,GTLive,FNAF
vSSkDos2hzo,We Need to Rethink Exercise (Updated Version),Kurzgesagt – In a Nutshell,Personal Development
SVm2vjcCyZU,VSCode setup for a productive coder in 2023,Hitesh Choudhary,Software Developer
kvv1tvNMjrA,Film Theory: Is Disney+ Worth Signing Your Life Away?,The Film Theorists,Software Developer
_peGTPzC0ZI,Game Theory: How DEADLY is The Minecraft Mace?,The Game Theorists,Gameplay
te_5mPVDv8I,Kürtlerin Gerçek Atası: SELAHADDİN EYYUBİ?,Yusuf Kayaalp,Politics
ZWeuAxmPHnU,Hacettepe Üniversitesi Bilgisayar Mühendisliği Bölüm Tanıtımı 2023,ACM HACETTEPE,Software Developer
mjBuhJvAhVM,HACETTEPE BİLGİSAYAR MÜHENDİSLİĞİ HAKKINDA HER ŞEY !,YENİ SEKANS,Software Developer
_k-F-MMvQV4,10 Programmer Stereotypes,Fireship,Software Developer
JqzZ4Avl2LI,Temizlik Robotları Temiz mi?,Evrim Ağacı,Personal Development
SBdDt4BUIW0,The future of game development... has no game engine?,Fireship,Software Developer
dBxxi5XAm3U,We Traveled Back in Time. Now Physicists Are Angry.,Kurzgesagt – In a Nutshell,Personal Development
Cp6Gvgs3Wgg,JİTEM NEDİR ? Cem Ersever kimdir ?,Tolga Turan,Politics
37VZu3b045k,15 Years Writing C++ - Advice for new programmers,SyncMain,Software Developer
rXDjiXK_Szg,How to rebuild your attention span (without forcing it),Amy Wang,Personal Development
CxGSnA-RTsA,COMPUTER SCIENCE explained in 17 Minutes,Wacky Science,Software Developer
yVFyAY_7oEU,Sevdiğin Kadar Sevilmek,ERLİK,Personal Development
gI8h3AD5Dhk,Style Theory: You’re Shaving Your Face WRONG!,The Style Theorists,Personal Development
RKMrP2EDMlU,R Yok: İttihatçı ENVER PAŞA`nın HAYATI,Yusuf Kayaalp,Politics
T4aqUsZ1wUQ,"1 GÜNLÜĞÜNE UBISOFT ARAP OFİSİNE GİTTİM, ÖZEL OYUNLARINI GÖRDÜM!",Enis Kirazoglu,Gameplay
7foCbOktTZM,ChatGPT Her Şeyi Nasıl Bilebiliyor?,Evrim Ağacı,Software Developer
sMknT8Az_kc,"FİİLİ TEKEL, İNTERNETTE REKABETİ ENGELLİYOR | VODAFONE ile 5G ve Fiberi konuştuk",Mesut Çevik,Software Developer
0uMlOl3er5U,Zor Oyunlar Beynimizi Nasıl Hackliyor? #FOY,Can Sungur ve Yakın Evren,Personal Development
J2MkYCa7cqE,Style Theory: How Anime SECRETLY Took Over the World of Fashion,The Style Theorists,Personal Development
XscOIlysGr8,"GERÇEK FORMULA ARABASIYLA YARIŞTIM, FENALIK GEÇİRDİM! (OYUNA BENZEMİYORMUŞ)",Enis Kirazoglu,Gameplay
DaoUZvPKreA,İNTERNET NASIL ÇALIŞIR? BUNLARI BİLMENİZİ İSTEMİYORLAR! #HCT,Mesut Çevik,Software Developer
lPrjP4A_X4s,We Need to Rethink Exercise - The Workout Paradox,Kurzgesagt – In a Nutshell,Personal Development
6Wvtm_8xRx0,Havuza ve Denize İşemek Sağlıklı mı?,Evrim Ağacı,Personal Development
q4iwQefm1Y8,Mind Blowing Guitar Tricks ANYONE Can Play!,Steve Terreberry,Vocal Training
mrPj0ZXxXcw,Game Theory: Minecraft Mobs Were Created To SAVE Us!,The Game Theorists,Gameplay
AeufOh61T2M,The Mustache is Making a COMEBACK... But Why? | Style Theory,The Style Theorists,Personal Development
QaUbiW6GqPI,Vergi Cenneti : TÜRKİYE,Yusuf Kayaalp,Politics
_aV2AgZvzLc,METAL VOCALISTS HAVE GONE TOO FAR...,Nik Nocturnal,Vocal Training
vK0RiOyiWX0,MrBeast Almost Got Me Killed,penguinz0,Gameplay
5wDHcP3lpnI,"Can a Brazilian polyglot Learn 5 Language in 1 hour? l Tagalog, Indonesian, German, Italian, Turkish",World Friends,Vocal Training
65fLVaatJQU,"Word differences Between 6 different Countries!! l German,Turkish,Romance, SouthEast Asia Language!!",World Friends,Vocal Training
sxCP-1vtE4g,What Happened BEFORE Security Breach?! | FNAF Theory,RyeToast,FNAF
pwU3eXU-4kc,KADIN YAYINCI OLMA SİMÜLATÖRÜ - [Chilla's Art] Parasocial,Jahrein,Gameplay
MucaGbWqzcU,Türkiye`nin EN KARANLIK Yılları,Yusuf Kayaalp,Politics
8xlbE8K9Zbk,PATLAMAYA HAZIR YANARDAĞDA OYUN OYNADIM!! (BAYILACAKTIM),Enis Kirazoglu,Gameplay
iJnxXwhUvLM,Lider Meselesi,ERLİK,Personal Development
O0m2XGCkJD8,I tried to 'Cold Approach' girls as an Introvert (Difficulty: Impossible),Dylan McKnight,Personal Development
eh5uBKqPPtw,Hayat Tecrübeleri! | Yayın Kesit,Foşix Erlik,Personal Development
U1WGFhYVMwc,"Kızım, Utanmaz Olacaksın! | Yayın Kesit",Foşix Erlik,Personal Development
X92bQhzgnIg,OnlyFans Ruined An Entire Generation | Asmongold Reacts,Asmongold TV  ,Gameplay
hDna47wpF4Q,AKP ve YENİ OSMANLI,Yusuf Kayaalp,Politics
sA24x9pla2A,Kimin Çocukları Başardı?,ERLİK,Personal Development
K2qg-aKX_1U,This Secret Adult Gaming Platform Is Bigger Than Steam | Asmongold Reacts,Asmongold TV  ,Gameplay
pQT84gjaV2g,The Thing: Kozmik Polit-Korku,ERLİK,Politics
7bAPIkvJ2y4,We're Dragging Anchor into the Rocks! | S09E12,Project Atticus | Our DIY Homestead,Gameplay
DcuRbyHy1LU,"Vatikan'ın Sırları, Devletler Kötü Mü, Evrenin Sırrı! Bir Komplo Teorisi!... Sorular ve Cevaplar",Can Sungur ve Yakın Evren,Politics
QBT7iZNEMyM,JAHREİN MERTCAN BAHAR GERÇEK HAYATTA GEMİ SAVAŞI YAPTIK VİDEOSUNU İZLİYOR,Jahistan ,Gameplay
T4XYYkBalsk,OYUN DÜNYASININ SAYILI MANYAK OYUNLARINDAN BİRİNE BAKALIM!,Enis Kirazoglu,Gameplay
WKsBGStDSPg,HAZIR MISIN DEĞİL MİSİN?,Jahrein,Gameplay
1xrYUtYzhvw,Avrupa Seyahati İzlenimlerim w/@jahreinboss,Burhi,Personal Development
kKJYfymxo9I,UHUHU HARİKA BİR OYUN!! MÜKEMMEL MÜKEMMEL!!!,Jahrein,Gameplay
JIDU9-fW1xY,SONIC - ELEŞTİREL PARODİ,Filmler ve Filimler,Gameplay
V5tDwr4UKoU,"GÜLERSEN KAYBEDERSİN w/ Fatih Altaylı, Özlem Gürses | TekeTek Seçim Özel",Soğuk Savaş,Politics
7oWBoF6YoO8,TEK BİR HATA İLE 400 BİN OLUMSUZ YORUM ALAN OYUN!,Enis Kirazoglu,Gameplay
vcBr1LQyMmw,How Anxiety Is Different For Men,HealthyGamerGG,Personal Development
b_naHOsKdkY,NVIDIA DLSS Bir Pazarlama Taktiğinden mi İbaret?,Evrim Ağacı TeknoBilim,Software Developer
Z3cgPDFN7Qc,Fixing Male Insecurities (AND KICKING OFF MENTAL HEALTH MAY),HealthyGamerGG,Personal Development
lrRtv9YXj-Q,Dr. K Reviews Modern Dating Advice,HealthyGamerGG,Personal Development
OgN68SEb6v4,16 Personalities as YouTubers Apologizing,Frank James,Personal Development
qnXFpijCFIA,FNAF vs TF2 Reaction,Definitely Not Definitive - Games,FNAF
fjTWG6ZZ4Kk,"""YETERİNCE CİNSELLİK YOK!"" TARİHİN EN İYİ OYUNLARINDAN BİRİNE GELEN YORUMLARI OKUYORUZ!",Enis Kirazoglu,Gameplay
OhuOsMrirkc,DÜNYANIN EN İYİ 20 OYUN KARAKTERİ SEÇİLDİ! (BU LİSTE CAN SIKAR!),Enis Kirazoglu,Gameplay
Jw_indNpQqQ,Addressing all 25-Year Old Thinkers,HealthyGamerGG,Personal Development
3SH3FDJBlMg,AL - Karma Diye Bir Şey Yoktur.,Efe Aydal,Politics
8qvx9EzfdQM,İlber Ortaylı'ya Siyasete Gir Teklifi | Cahille Sohbeti Kestim,KAFA TV,Politics
_l4M9JMVj68,"Was The Mimic ALWAYS Planned? | MatPat Reacts to FuhNaff ""The Clue That Solves FNAF Security Breach""",GTLive,FNAF
bQBQoRKc43M,AL - Kendini Geliştirmek Senin İçin Siyaset Kovalamaktan Daha Faydalıdır.,Efe Aydal,Personal Development
Y3n7E-CohA4,Bedevi İmparator: MUAMMER KADDAFİ,Yusuf Kayaalp,Politics
1zqD13U4G74,CY - Bu Yaşa Gelince Bilgisayar Oynamanın Siyaset Konuşmaktan Daha Yararlı Olduğunu Öğrendim.,Efe Aydal,Politics
7O0eH1eNUO0,Ülkenin Savunma ve İstihbarat Geleceği,Can Sungur ve Yakın Evren,Politics
uvzp1bPT_7o,CY - Bazı Durumların Umutsuz Olduğunu Kabul Etmek Önemli,Efe Aydal,Politics
rsnxLDIBPUU,Jahrein Para Koleksiyonunu Gösteriyor,Jahistan ,Gameplay
ZJPV27B-hhE,PATRONUM SHACO MAIN İSTİFA MI ETSEM? -Editör,Jahrein,Gameplay
RfWpxxpV12k,MEZOPOTAMYA HALKLARI KARDEŞLİĞİNİN GÜCÜ 💪💪- The Finals,Jahrein,Gameplay
Y8YTFOyP7x4,Jahrein LinkedIn Game Developer Draması,Jahistan ,Software Developer
sSne3VehtC0,Jahrein GeoGuessr Oynuyor,Jahistan ,Gameplay
ssr16GJK7PM,BU VİDEODA HER TÜRLÜ KAYPAKLIK MEVCUTTUR - Secret Hitler @Swaggybark @Burhi @Killayda @nanazort,Jahrein,Gameplay
4n8Zob2M7uY,USTAM ŞİFA MI HAZIRLIYORSUN BİZE? - TürkOyunlarıGecesi,Jahrein,Gameplay
vK4rgnijr4E,How To Metal: ARCHITECTS (feat. Ryo Kinoshita),Nik Nocturnal,Vocal Training
mlGwrv86XLA,BU LAVUK DA OYUN YAPMIŞ DENİYORUZ - TürkOyunlarıGecesi,Jahrein,Gameplay
E4ROhgniS7U,Game Theory: Shooting Tanks With The Boys!,The Game Theorists,Gameplay
maPPHitbT-E,VELUTAN Bölüm #1 | TÜRKÇE FRP / RPG w/@Swaggybark @jahreinboss @Burhi  @Killayda,Velutan,Gameplay
UlWxXCtxh_E,"How to do Throat Singing RIGHT (and why it's so awesome for grit, screams & cleans)",Chris Liepe,Vocal Training
-UYWsgEgOxM,Coming Clean...,Nik Nocturnal,Vocal Training
UAbBpwQ_QWQ,"THEY MADE FIVE NIGHTS AT FREDDY'S FOOD!!! Reacting to ""Food Theory: I Fixed the FNAF Cookbook!""",theduckgoesmoo,FNAF
8tyxLOuJUW0,Minecraft İçinde FNAF (Mod Yok!),Doğukan Adal [Tvo],FNAF
wLkSZGPSfbU,Ludwig's Reply to Matpat Game Theory Twitch Video (HasanAbi & MURAT (chad) Reacts),HasanAbi Corporate,Gameplay
Qv5t2ITnW1s,Easy and Safe Metal Screaming Tutorial (Beginner Level),Adrienne Cowan,Vocal Training
poH513uJx04,First time watching Five Nights At Freddy's movie reaction,Badd Medicine,FNAF
7WzGjP-oApk,Five Nights At Freddys Movie Reaction,Definitely Not Definitive - Games,FNAF
UbXmRjogK1I,Overwatch Animated Short Reaction | A Great Day,Definitely Not Definitive - Games,Gameplay
bnLuJ6QliMM,KENDİ İŞİNİ KURMAK İÇİN DOĞRU ZAMAN BU ZAMAN! İTÜ Çekirdek’e Katıl,Mesut Çevik,Software Developer
4vczeQsaWSA,Game Theory: Are Theories KILLING Video Games?,The Game Theorists,Gameplay
OmXq_TOxX80,CY - Mercedes'i Boykot Etmek Yemiyor Mu?,Efe Aydal,Gameplay
5Y8Ez2VBtY0,Fermi Paradoksu: Uzaylılar ile Tanışmaya Artık Hazır mıyız?,Evrim Ağacı,Personal Development
L6N60mbK8KU,"DÜNYADA SEÇİLEN YILIN EN İYİ OYUNLARINA BAKIYORUZ! GTA 6 PC HEMEN GELMİYOR, ANOMALY AGENT GELİYOR!",Enis Kirazoglu,Gameplay
mx52-saoxwM,CY - Yapay Zekalı Kadın & Erkek Yaparlarsa Ne Olur?,Efe Aydal,Politics
nfN1h77hNHQ,CY - Ümit Özdağ'a Suç Duyurusunda Bulunmuşlar,Efe Aydal,Politics
kPqfjgV3Yqg,"PurpleBixi, GTA 6 VİDEOSU YAYINLANDI! @EnisKirazogluvideolar izliyor",PurpleBixi,Gameplay
eTN_kFCnOv8,"CY - ""Gazze'ye Dua, İsrail'e Gemi Yollayanlar"" Kimler",Efe Aydal,Politics
bqqSj4z1aho,CY - Hawking vs Kadın Komedyenler,Efe Aydal,Politics
xe41n_D5A7g,JAHREİN TÜM PİYASAYI DEĞİŞTİREN OYUN NASIL BATTI..? VİDEOSUNU İZLİYOR @CharmQuell,Jahistan ,Gameplay
yQ52bk1c__c,The Roles of Each Instrument,Quincy Kane,Vocal Training
NVoxDm0DF-4,JAHREİN KARA MİZAH YAPMAYIP İÇİNİN KARASINI KUSMAK VİDEOSUNU İZLİYOR @yvmhawking,Jahistan ,Gameplay
9cz4ikFcwMY,Every Political Ideology Explained in 8 Minutes,The Paint Explainer,Politics
EHCfmjpnF0I,"CY - ""Trans Lezbiyen"" Olayı da Gerçek Oldu",Efe Aydal,Politics
TflwMq0QHLY,DİKKAT ET ARKANDA! - Lethal Company,Jahrein,Gameplay
wOueNQy6MZk,"How to Scream, Add Distortion, Yell and Sing Aggressively WITHOUT Hurting Your Voice! (3 Steps)",Chris Liepe,Vocal Training
d6Yg5421vJY,CHP`nin 100 Yıllık Kolpası?,Yusuf Kayaalp,Politics
FRaYG256XAc,Atatürk Derlemesi (Videolar ve Yayınlar),Foşix Erlik,Politics
jiIhOgpOWcA,Why Do You Only Get Motivated After Midnight? | Night Owls,HealthyGamerGG,Personal Development
QUNrBEhvXWQ,Computer Scientist Answers Computer Questions From Twitter,WIRED,Software Developer
lEFKlTgfTVY,FNAF Two Evil Eyes Reaction | Chapters 1-3,Definitely Not Definitive - Games,FNAF
7xXARKA3O_Q,You're Probably Not An Introvert,HealthyGamerGG,Personal Development
or6A1Pl04ss,Are You A 'Low Value' Male?,HealthyGamerGG,Personal Development
MWQGP1RDGiY,Türkiye iç Savaşı: 12 Eylül 1980 Darbesi,Yusuf Kayaalp,Politics
r5OD7YUTRi4,Erdoğan Nasıl İktidar oldu?,Yusuf Kayaalp,Politics
DfIUlmzPH-4,Stop Your FAKE Self Improvement [Change Your Life in a Month],Kenny Bender,Personal Development
kJzvcnRjr2A,Top Gun: Maverick NEDEN EFSANE,Filmograf,Gameplay
D3DVG915_O4,Finding The SECRET Endings In This Game Theory Fangame | TheoristS (Mr. TomatoS Fangame),GTLive,Gameplay
bbvz4j-oPrM,I'm Not Masculine Enough,HealthyGamerGG,Personal Development
ZcUL-rxzfoY,OYUN GELİŞTİREN EKİPLERİN YAPTIĞI 5 BÜYÜK HATA,TunaPamirTV,Software Developer
1ynTzVd8gMo,"Game Designer / Oyun Tasarımcısı iş ilanı incelemesi, Oyun Tasarımcısı olmak için gerekenler.",Semih Şevik,Software Developer
Rbe2_nktx_c,ARTIK HERKES HACKER OLACAK w/@orkunisitmak,Can Deger,Software Developer
ZsyjXFE7D7Q,We Found Glamrock Bonnie in RUIN (ft. @Dawko @markiplier @GTLive @FuhNaff ),ID's Fantasy,FNAF
N1iRr77eumU,Ranking the 16 Myers-Briggs Personalities from Best to Worst,Frank James,Personal Development
wbtesdjMDiE,BEN SİZİN YAPACAĞINIZ OYUNU SEVEYİM! (güzel olmuş),Enis Kirazoglu,Gameplay
EtH8KglPm5o,2 MİLYON DOLAR DEĞERLEME İLE YATIRIM ALDIK ve STEAM SAYFAMIZI AÇTIK! (OFİS VLOGU),at0m,Software Developer
c-Welo2s9z8,CY - Oppenheimer'ı Seyretmek İçin Takım Elbise Lazım,Efe Aydal,Politics
-6oVPWH7Guc,ASLA OYNAMAM DEDİĞİM OYUN BENİ ŞAŞIRTTI! / BU OYUNU BEKLEDİĞİM İÇİN AŞAĞILANDIM!,Enis Kirazoglu,Gameplay
mmW5bfjNPOc,ÖMÜR BOYU BAKIM GARANTİSİ ile MONSTER TULPAR T7 RTX 4060 inceleme,Mesut Çevik,Software Developer
Ps4cprDG3Zg,DOLANDIRICI DENİLEN OYUNU OYNADIM! ÜSTELİK 120 BİN LİRALIK ÖZEL SİMÜLATÖR SETİYLE!,Enis Kirazoglu,Gameplay
YvO6QnuToKQ,16 Personalities Forced to Compliment Each Other,Frank James,Personal Development
7b7MFO6rJK0,NVIDIA NEREDE HATA YAPTI? Cep telefonları neden başarısız oldu?,Mesut Çevik,Software Developer
tZkK7DdKD9I,Game Theory: Give Me Your SOUL! (Minecraft Legends),The Game Theorists,Gameplay
Yh_7zPrcY6k,"DÜNYACA ÜNLÜ FUTBOLCULARLA TOP OYNADIM: REZİL OLDUM (KAKA, DEL PIERO, JULIO CESAR)",Enis Kirazoglu,Gameplay
4nbjkYsZWj0,The Wrong Jobs for Each of the 16 Personalities,Frank James,Personal Development
c9xCwxGvh2U,The 16 Personalities and Emotional Intelligence,Frank James,Personal Development
jbC5pOi7zq4,16 Personalities in a New Country,Frank James,Personal Development
6k7aroEs73U,BİLGİSAYAR SAVAŞLARI: WINDOWS MU MACBOOK MU?,Can Deger,Software Developer
Pz-cnlNVVEI,"APPLE WATCH Tips, Tricks, and Hidden Features most people don't know",Mike O'Brien,Software Developer
33QcgtOSoQY,Coding Learning MISTAKES that Hold Beginners Back,Internet Made Coder,Software Developer
FaevWeQqBy0,Game Theory: Assassin's Creed Eagle Vision Is REAL!,The Game Theorists,Gameplay
fb9tRZfHMNQ,CHATGPT İLE OYUN HİLESİ YAPMAK?,Can Deger,Gameplay
3rcka6P2cVI,So you want to make a Game Engine!? (WATCH THIS before you start),Giant Sloth Games,Software Developer
19IoUxjLswg,Game Theory: Which US President Is An EPIC Gamer? (AI Presidents),The Game Theorists,Gameplay
BcGeL248KPE,FNAF and Poppy Playtime Exist In The SAME Universe?! | Ultimate Indie Nights (Fan Game),GTLive,FNAF
77Dh_xO-XM8,How to Make FRIENDS with Each of the 16 Personalities,Frank James,Personal Development
4JxHTXto1tc,Jahrein Adana'nın Kadın Kebapçıları!!! Kadınlar her yerde olmalı! Videosunu İzliyor,Jahistan ,Politics
WaMXYGtx3mA,HAYALİMDEKİ OYUNCU ODASINI YAPTIM! (VLOG),at0m,Gameplay
jRBZmrvbb9o,What Do the 16 Personalities Get WRONG About THEMSELVES?,Frank James,Personal Development
Cn_n8GL3XeM,12 Rules For Life,HealthyGamerGG,Personal Development
31u-0lnLGXQ,Understanding Scales & Modes Made EASY Part 2,Nik Nocturnal,Vocal Training
iLDyFnFd-4M,CY - Atatürk'le Dalga Geçen Eleman Neci Çıktı Tahmin Edin.,Efe Aydal,Politics
96AyJplf1MM,Understanding Scales & Modes Made EASY,Nik Nocturnal,Vocal Training
7wAoS1sLcn4,JAHREİN'İN YENİ EVİ!!! (GÜNCEL),Jahrein,Gameplay
PLzGwpfIivE,Why Do Men Feel Like They Are Constantly Being Rejected?,HealthyGamerGG,Personal Development
dghBzriKHZY,16 Personalities in a School Project with their Opposite Type,Frank James,Personal Development
rIVeisk_G1M,10 Computer Security Myths to Stop Believing,ThioJoe,Software Developer
zJr4rZazQy4,Every Political Ideology Explained,Wendigoon,Politics
JYGbKrMKC4s,16 Personalities in a Waiting Room,Frank James,Personal Development
wyABTfR9UTU,Object Oriented Programming vs Functional Programming,Modern Software Engineering,Software Developer
P_7ieHHSAuo,OYUN YAYINCISI ÖCÜ MÜDÜR? | Bağımsız Oyun Stüdyolarına Öneriler /w Serkan Özay,Disket Kutusu,Gameplay
jowCUo_UGts,Unix vs Linux,Gary Explains,Software Developer
5q87K1WaoFI,Computer Scientist Explains Machine Learning in 5 Levels of Difficulty | WIRED,WIRED,Software Developer
dwI5b-wRLic,The Two Types of Random in Game Design,Game Maker's Toolkit,Software Developer
y1XKcLihCFw,What the 16 Personalities are like on their DARK SIDE...,Frank James,Personal Development
T7aSI-E1fCE,Why Most People FAIL to Learn Programming,Aaron Jack,Software Developer
rgoXJpKbQr0,16 Personalities Interacting with a Newborn (ft. my baby),Frank James,Personal Development
PksUUwvq-po,What exactly is NULL?,The Cherno,Software Developer
l2UhxgarYvw,Rollic CEO’su Burak Vardal ile Türkiye Oyun Ekosistemi Üstüne Sohbet Ettik,Disket Kutusu,Software Developer
8TAaM3SL4cA,16 Personalities Interacting in Group Therapy,Frank James,Personal Development
TEXdJU9ZUX8,Video Game Director Answers Questions From Twitter | Tech Support | WIRED,WIRED,Gameplay
6p8w16Y0v2k,KORKU FİLMLERİ - ELEŞTİREL PARODİ,Filmler ve Filimler,Gameplay
SAEzYEmkvpY,Gitarda Doğaçlamalarınız Neden Güzel Duyulmuyor?,Deniz Sayman,Vocal Training
YPzfCLpgTNQ,MAXIME DURAND - Assassin's Creed Tarihçisi ile Oyuna Tarihsel Yaklaşım #GameTalkCS,Can Sungur ve Yakın Evren,Gameplay
PJwcG62ipzw,NİSA GÜNDÜZ - FAR CRY 6 Başrolü ile Oyun Aktörlüğü Hakkında #GameTalkCS,Can Sungur ve Yakın Evren,Gameplay
AanyHcT3aLk,Doctor Takes Personality Test | Are They Even Accurate?,Doctor Mike,Personal Development
Lvicaufi5O0,Mori,Markiplier,Vocal Training
w_MsZ-uXCDI,I Gave a College Lecture on the FNAF Timeline,MH4,FNAF
wvfB96hnct4,What are the 16 Personalities Like at their BEST?,Frank James,Personal Development
VlcCLxjG6ZI,"1 Gitar Melodisi, 10 Farklı Tarz, 6 Farklı Gitar",Deniz Sayman,Vocal Training
h_v0VmP-80w,Yardımsever Kendinemüzisyen ve agalar Amouranth'a Valorant öğretiyor - Türkçe  Altyazılı,HasanAbi TR,Gameplay
f7e2-Y1tqEM,Türk Oyun Sektörü 2. Sezon - Geliştiriciler - 2.Kısım: Gelişim,Disket Kutusu,Software Developer
pg7GaxElS7M,Erce'nin Pentagram Macerası,Gitar Edevat,Vocal Training
iZPmprXzvp8,Müzikle İlgili Yapılmış En İyi 10 Film,Deniz Sayman,Vocal Training
